date,category,category_label,value
2000-01-04,D0,D0 Abnormally dry,33.08880529
2000-01-11,D0,D0 Abnormally dry,75.40989677
2000-01-18,D0,D0 Abnormally dry,80.91350314
2000-01-25,D0,D0 Abnormally dry,75.83504174
2000-02-01,D0,D0 Abnormally dry,67.46254199
2000-02-08,D0,D0 Abnormally dry,62.77447729
2000-02-15,D0,D0 Abnormally dry,50.538476
2000-02-22,D0,D0 Abnormally dry,33.33502634
2000-02-29,D0,D0 Abnormally dry,26.45248271
2000-03-07,D0,D0 Abnormally dry,22.56223047
2000-03-14,D0,D0 Abnormally dry,14.34123169
2000-03-21,D0,D0 Abnormally dry,13.78270717
2000-03-28,D0,D0 Abnormally dry,10.79959478
2000-04-04,D0,D0 Abnormally dry,9.517085734
2000-04-11,D0,D0 Abnormally dry,9.377133842
2000-04-18,D0,D0 Abnormally dry,11.77919445
2000-04-25,D0,D0 Abnormally dry,9.846342843
2000-05-02,D0,D0 Abnormally dry,9.484890575
2000-05-09,D0,D0 Abnormally dry,9.299049794
2000-05-16,D0,D0 Abnormally dry,10.73869408
2000-05-23,D0,D0 Abnormally dry,10.79747495
2000-05-30,D0,D0 Abnormally dry,8.886004382
2000-06-06,D0,D0 Abnormally dry,15.02522628
2000-06-13,D0,D0 Abnormally dry,28.05434483
2000-06-20,D0,D0 Abnormally dry,36.5568574
2000-06-27,D0,D0 Abnormally dry,36.16389634
2000-07-04,D0,D0 Abnormally dry,45.97388018
2000-07-11,D0,D0 Abnormally dry,40.17725034
2000-07-18,D0,D0 Abnormally dry,50.09398075
2000-07-25,D0,D0 Abnormally dry,55.40987701
2000-08-01,D0,D0 Abnormally dry,56.09716358
2000-08-08,D0,D0 Abnormally dry,56.96259714
2000-08-15,D0,D0 Abnormally dry,45.61303432
2000-08-22,D0,D0 Abnormally dry,37.86778255
2000-08-29,D0,D0 Abnormally dry,43.36229322
2000-09-05,D0,D0 Abnormally dry,39.16120427
2000-09-12,D0,D0 Abnormally dry,38.04522477
2000-09-19,D0,D0 Abnormally dry,38.44888734
2000-09-26,D0,D0 Abnormally dry,39.26386922
2000-10-03,D0,D0 Abnormally dry,37.23559781
2000-10-10,D0,D0 Abnormally dry,38.57189563
2000-10-17,D0,D0 Abnormally dry,36.02208957
2000-10-24,D0,D0 Abnormally dry,40.47732668
2000-10-31,D0,D0 Abnormally dry,29.38144348
2000-11-07,D0,D0 Abnormally dry,23.31005166
2000-11-14,D0,D0 Abnormally dry,11.80293815
2000-11-21,D0,D0 Abnormally dry,11.99752835
2000-11-28,D0,D0 Abnormally dry,11.94881148
2000-12-05,D0,D0 Abnormally dry,9.396028436
2000-12-12,D0,D0 Abnormally dry,9.075864793
2000-12-19,D0,D0 Abnormally dry,7.041860002
2000-12-26,D0,D0 Abnormally dry,6.12692916
2001-01-02,D0,D0 Abnormally dry,13.35788204
2001-01-09,D0,D0 Abnormally dry,20.373642
2001-01-16,D0,D0 Abnormally dry,11.9024108
2001-01-23,D0,D0 Abnormally dry,14.04716276
2001-01-30,D0,D0 Abnormally dry,13.63022616
2001-02-06,D0,D0 Abnormally dry,17.2121622
2001-02-13,D0,D0 Abnormally dry,16.44727641
2001-02-20,D0,D0 Abnormally dry,14.97471636
2001-02-27,D0,D0 Abnormally dry,15.4546829
2001-03-06,D0,D0 Abnormally dry,15.33683798
2001-03-13,D0,D0 Abnormally dry,15.78557241
2001-03-20,D0,D0 Abnormally dry,17.11392909
2001-03-27,D0,D0 Abnormally dry,17.11740887
2001-04-03,D0,D0 Abnormally dry,16.86706427
2001-04-10,D0,D0 Abnormally dry,11.85374143
2001-04-17,D0,D0 Abnormally dry,13.32665452
2001-04-24,D0,D0 Abnormally dry,12.93937678
2001-05-01,D0,D0 Abnormally dry,12.91849812
2001-05-08,D0,D0 Abnormally dry,12.89913423
2001-05-15,D0,D0 Abnormally dry,11.27695672
2001-05-22,D0,D0 Abnormally dry,11.27695672
2001-05-29,D0,D0 Abnormally dry,11.27695672
2001-06-05,D0,D0 Abnormally dry,14.27642829
2001-06-12,D0,D0 Abnormally dry,17.20914789
2001-06-19,D0,D0 Abnormally dry,32.0734335
2001-06-26,D0,D0 Abnormally dry,29.8036985
2001-07-03,D0,D0 Abnormally dry,34.76389811
2001-07-10,D0,D0 Abnormally dry,14.44194222
2001-07-17,D0,D0 Abnormally dry,13.78414498
2001-07-24,D0,D0 Abnormally dry,14.52798484
2001-07-31,D0,D0 Abnormally dry,14.50884607
2001-08-07,D0,D0 Abnormally dry,15.0692016
2001-08-14,D0,D0 Abnormally dry,13.83953401
2001-08-21,D0,D0 Abnormally dry,11.65452969
2001-08-28,D0,D0 Abnormally dry,12.88100152
2001-09-04,D0,D0 Abnormally dry,12.8484423
2001-09-11,D0,D0 Abnormally dry,21.28250775
2001-09-18,D0,D0 Abnormally dry,21.13840843
2001-09-25,D0,D0 Abnormally dry,20.73772492
2001-10-02,D0,D0 Abnormally dry,20.70048668
2001-10-09,D0,D0 Abnormally dry,20.70048668
2001-10-16,D0,D0 Abnormally dry,21.50885982
2001-10-23,D0,D0 Abnormally dry,20.77627854
2001-10-30,D0,D0 Abnormally dry,23.76493403
2001-11-06,D0,D0 Abnormally dry,26.96597256
2001-11-13,D0,D0 Abnormally dry,26.91764488
2001-11-20,D0,D0 Abnormally dry,26.90612578
2001-11-27,D0,D0 Abnormally dry,26.76434865
2001-12-04,D0,D0 Abnormally dry,28.20593229
2001-12-11,D0,D0 Abnormally dry,27.45502148
2001-12-18,D0,D0 Abnormally dry,26.02744247
2001-12-25,D0,D0 Abnormally dry,24.95182089
2002-01-01,D0,D0 Abnormally dry,25.39659722
2002-01-08,D0,D0 Abnormally dry,31.57810962
2002-01-15,D0,D0 Abnormally dry,41.38916966
2002-01-22,D0,D0 Abnormally dry,44.39482791
2002-01-29,D0,D0 Abnormally dry,43.75434328
2002-02-05,D0,D0 Abnormally dry,42.6006398
2002-02-12,D0,D0 Abnormally dry,47.12079146
2002-02-19,D0,D0 Abnormally dry,41.19490926
2002-02-26,D0,D0 Abnormally dry,43.86403358
2002-03-05,D0,D0 Abnormally dry,44.23319486
2002-03-12,D0,D0 Abnormally dry,17.69859739
2002-03-19,D0,D0 Abnormally dry,22.70397699
2002-03-26,D0,D0 Abnormally dry,21.97628862
2002-04-02,D0,D0 Abnormally dry,19.58971513
2002-04-09,D0,D0 Abnormally dry,17.49471211
2002-04-16,D0,D0 Abnormally dry,14.20455498
2002-04-23,D0,D0 Abnormally dry,10.90686108
2002-04-30,D0,D0 Abnormally dry,10.72733593
2002-05-07,D0,D0 Abnormally dry,10.48727482
2002-05-14,D0,D0 Abnormally dry,10.12651944
2002-05-21,D0,D0 Abnormally dry,10.13729331
2002-05-28,D0,D0 Abnormally dry,16.76809777
2002-06-04,D0,D0 Abnormally dry,13.98324367
2002-06-11,D0,D0 Abnormally dry,13.89963444
2002-06-18,D0,D0 Abnormally dry,10.50334585
2002-06-25,D0,D0 Abnormally dry,11.73238546
2002-07-02,D0,D0 Abnormally dry,11.45896398
2002-07-09,D0,D0 Abnormally dry,11.48382495
2002-07-16,D0,D0 Abnormally dry,9.786498588
2002-07-23,D0,D0 Abnormally dry,9.137657011
2002-07-30,D0,D0 Abnormally dry,9.293076707
2002-08-06,D0,D0 Abnormally dry,9.894631588
2002-08-13,D0,D0 Abnormally dry,9.803149228
2002-08-20,D0,D0 Abnormally dry,10.64077318
2002-08-27,D0,D0 Abnormally dry,10.66206353
2002-09-03,D0,D0 Abnormally dry,10.49850201
2002-09-10,D0,D0 Abnormally dry,9.356028006
2002-09-17,D0,D0 Abnormally dry,9.046303864
2002-09-24,D0,D0 Abnormally dry,8.985401767
2002-10-01,D0,D0 Abnormally dry,10.06784272
2002-10-08,D0,D0 Abnormally dry,6.966926598
2002-10-15,D0,D0 Abnormally dry,7.039726346
2002-10-22,D0,D0 Abnormally dry,6.709821003
2002-10-29,D0,D0 Abnormally dry,7.089938398
2002-11-05,D0,D0 Abnormally dry,7.703613971
2002-11-12,D0,D0 Abnormally dry,18.50680513
2002-11-19,D0,D0 Abnormally dry,18.1917372
2002-11-26,D0,D0 Abnormally dry,18.20621516
2002-12-03,D0,D0 Abnormally dry,18.46844073
2002-12-10,D0,D0 Abnormally dry,14.13983284
2002-12-17,D0,D0 Abnormally dry,8.217031315
2002-12-24,D0,D0 Abnormally dry,5.945303747
2002-12-31,D0,D0 Abnormally dry,6.40000445
2003-01-07,D0,D0 Abnormally dry,6.095017243
2003-01-14,D0,D0 Abnormally dry,6.225393553
2003-01-21,D0,D0 Abnormally dry,6.191789728
2003-01-28,D0,D0 Abnormally dry,9.639666504
2003-02-04,D0,D0 Abnormally dry,10.05941072
2003-02-11,D0,D0 Abnormally dry,8.343812701
2003-02-18,D0,D0 Abnormally dry,5.912805586
2003-02-25,D0,D0 Abnormally dry,6.130621432
2003-03-04,D0,D0 Abnormally dry,6.624995893
2003-03-11,D0,D0 Abnormally dry,10.53202133
2003-03-18,D0,D0 Abnormally dry,9.088497334
2003-03-25,D0,D0 Abnormally dry,9.172389066
2003-04-01,D0,D0 Abnormally dry,12.00260992
2003-04-08,D0,D0 Abnormally dry,11.76653775
2003-04-15,D0,D0 Abnormally dry,8.129260687
2003-04-22,D0,D0 Abnormally dry,7.338135119
2003-04-29,D0,D0 Abnormally dry,5.467513401
2003-05-06,D0,D0 Abnormally dry,3.53226526
2003-05-13,D0,D0 Abnormally dry,3.333708857
2003-05-20,D0,D0 Abnormally dry,6.050710952
2003-05-27,D0,D0 Abnormally dry,5.656434038
2003-06-03,D0,D0 Abnormally dry,6.208680753
2003-06-10,D0,D0 Abnormally dry,7.344723069
2003-06-17,D0,D0 Abnormally dry,6.430818645
2003-06-24,D0,D0 Abnormally dry,5.217752083
2003-07-01,D0,D0 Abnormally dry,6.355198716
2003-07-08,D0,D0 Abnormally dry,7.213644693
2003-07-15,D0,D0 Abnormally dry,7.76330138
2003-07-22,D0,D0 Abnormally dry,5.609033667
2003-07-29,D0,D0 Abnormally dry,2.797086564
2003-08-05,D0,D0 Abnormally dry,2.658390428
2003-08-12,D0,D0 Abnormally dry,2.806641825
2003-08-19,D0,D0 Abnormally dry,2.252582787
2003-08-26,D0,D0 Abnormally dry,2.257130766
2003-09-02,D0,D0 Abnormally dry,0.970570848
2003-09-09,D0,D0 Abnormally dry,4.786889708
2003-09-16,D0,D0 Abnormally dry,5.256056726
2003-09-23,D0,D0 Abnormally dry,5.142230374
2003-09-30,D0,D0 Abnormally dry,6.675291326
2003-10-07,D0,D0 Abnormally dry,6.510728738
2003-10-14,D0,D0 Abnormally dry,16.13543054
2003-10-21,D0,D0 Abnormally dry,15.27004416
2003-10-28,D0,D0 Abnormally dry,16.42390701
2003-11-04,D0,D0 Abnormally dry,13.37415241
2003-11-11,D0,D0 Abnormally dry,9.956411343
2003-11-18,D0,D0 Abnormally dry,11.5901789
2003-11-25,D0,D0 Abnormally dry,11.6535525
2003-12-02,D0,D0 Abnormally dry,12.22732396
2003-12-09,D0,D0 Abnormally dry,10.98155992
2003-12-16,D0,D0 Abnormally dry,10.33924363
2003-12-23,D0,D0 Abnormally dry,9.881329664
2003-12-30,D0,D0 Abnormally dry,9.489822391
2004-01-06,D0,D0 Abnormally dry,9.179973771
2004-01-13,D0,D0 Abnormally dry,8.885051843
2004-01-20,D0,D0 Abnormally dry,8.887057444
2004-01-27,D0,D0 Abnormally dry,11.08228438
2004-02-03,D0,D0 Abnormally dry,10.31969837
2004-02-10,D0,D0 Abnormally dry,10.2728506
2004-02-17,D0,D0 Abnormally dry,9.656185282
2004-02-24,D0,D0 Abnormally dry,8.918332947
2004-03-02,D0,D0 Abnormally dry,8.929338416
2004-03-09,D0,D0 Abnormally dry,8.051787109
2004-03-16,D0,D0 Abnormally dry,8.051787109
2004-03-23,D0,D0 Abnormally dry,5.22912821
2004-03-30,D0,D0 Abnormally dry,8.075130073
2004-04-06,D0,D0 Abnormally dry,12.21189419
2004-04-13,D0,D0 Abnormally dry,18.26586967
2004-04-20,D0,D0 Abnormally dry,18.26586967
2004-04-27,D0,D0 Abnormally dry,18.39157752
2004-05-04,D0,D0 Abnormally dry,15.81729271
2004-05-11,D0,D0 Abnormally dry,15.79058587
2004-05-18,D0,D0 Abnormally dry,15.79058587
2004-05-25,D0,D0 Abnormally dry,15.49589418
2004-06-01,D0,D0 Abnormally dry,14.47219738
2004-06-08,D0,D0 Abnormally dry,14.13631327
2004-06-15,D0,D0 Abnormally dry,13.73939364
2004-06-22,D0,D0 Abnormally dry,11.20827927
2004-06-29,D0,D0 Abnormally dry,14.89407177
2004-07-06,D0,D0 Abnormally dry,14.55667032
2004-07-13,D0,D0 Abnormally dry,13.83501852
2004-07-20,D0,D0 Abnormally dry,13.76237005
2004-07-27,D0,D0 Abnormally dry,15.95944753
2004-08-03,D0,D0 Abnormally dry,15.02132895
2004-08-10,D0,D0 Abnormally dry,14.94929307
2004-08-17,D0,D0 Abnormally dry,15.80642897
2004-08-24,D0,D0 Abnormally dry,14.34216867
2004-08-31,D0,D0 Abnormally dry,15.89087275
2004-09-07,D0,D0 Abnormally dry,15.95233862
2004-09-14,D0,D0 Abnormally dry,16.21613703
2004-09-21,D0,D0 Abnormally dry,16.43999445
2004-09-28,D0,D0 Abnormally dry,15.62709691
2004-10-05,D0,D0 Abnormally dry,14.69157563
2004-10-12,D0,D0 Abnormally dry,14.75796698
2004-10-19,D0,D0 Abnormally dry,14.43149836
2004-10-26,D0,D0 Abnormally dry,16.5982076
2004-11-02,D0,D0 Abnormally dry,18.82559819
2004-11-09,D0,D0 Abnormally dry,18.40151888
2004-11-16,D0,D0 Abnormally dry,16.7298459
2004-11-23,D0,D0 Abnormally dry,17.35305416
2004-11-30,D0,D0 Abnormally dry,21.38063806
2004-12-07,D0,D0 Abnormally dry,21.51585571
2004-12-14,D0,D0 Abnormally dry,20.42397049
2004-12-21,D0,D0 Abnormally dry,20.52613414
2004-12-28,D0,D0 Abnormally dry,18.72015271
2005-01-04,D0,D0 Abnormally dry,18.47032082
2005-01-11,D0,D0 Abnormally dry,21.1740709
2005-01-18,D0,D0 Abnormally dry,19.86436499
2005-01-25,D0,D0 Abnormally dry,19.9732242
2005-02-01,D0,D0 Abnormally dry,20.26481027
2005-02-08,D0,D0 Abnormally dry,21.16024316
2005-02-15,D0,D0 Abnormally dry,29.55275569
2005-02-22,D0,D0 Abnormally dry,30.81211053
2005-03-01,D0,D0 Abnormally dry,30.28600268
2005-03-08,D0,D0 Abnormally dry,29.68326964
2005-03-15,D0,D0 Abnormally dry,29.954569
2005-03-22,D0,D0 Abnormally dry,29.37225335
2005-03-29,D0,D0 Abnormally dry,27.8254629
2005-04-05,D0,D0 Abnormally dry,26.9744827
2005-04-12,D0,D0 Abnormally dry,22.87402515
2005-04-19,D0,D0 Abnormally dry,22.45885496
2005-04-26,D0,D0 Abnormally dry,21.63813636
2005-05-03,D0,D0 Abnormally dry,21.0653556
2005-05-10,D0,D0 Abnormally dry,18.43231451
2005-05-17,D0,D0 Abnormally dry,17.14335247
2005-05-24,D0,D0 Abnormally dry,17.2693219
2005-05-31,D0,D0 Abnormally dry,17.2693219
2005-06-07,D0,D0 Abnormally dry,15.88285608
2005-06-14,D0,D0 Abnormally dry,14.11662189
2005-06-21,D0,D0 Abnormally dry,13.87577461
2005-06-28,D0,D0 Abnormally dry,14.32810072
2005-07-05,D0,D0 Abnormally dry,20.35662842
2005-07-12,D0,D0 Abnormally dry,20.2803595
2005-07-19,D0,D0 Abnormally dry,20.28482809
2005-07-26,D0,D0 Abnormally dry,32.42281553
2005-08-02,D0,D0 Abnormally dry,32.43871384
2005-08-09,D0,D0 Abnormally dry,30.06726125
2005-08-16,D0,D0 Abnormally dry,21.02306892
2005-08-23,D0,D0 Abnormally dry,20.35001006
2005-08-30,D0,D0 Abnormally dry,20.89593135
2005-09-06,D0,D0 Abnormally dry,20.56916665
2005-09-13,D0,D0 Abnormally dry,20.56916665
2005-09-20,D0,D0 Abnormally dry,20.35485522
2005-09-27,D0,D0 Abnormally dry,20.28138948
2005-10-04,D0,D0 Abnormally dry,20.35342869
2005-10-11,D0,D0 Abnormally dry,20.67260185
2005-10-18,D0,D0 Abnormally dry,20.91055433
2005-10-25,D0,D0 Abnormally dry,23.7823945
2005-11-01,D0,D0 Abnormally dry,24.95507916
2005-11-08,D0,D0 Abnormally dry,24.93634005
2005-11-15,D0,D0 Abnormally dry,24.93634005
2005-11-22,D0,D0 Abnormally dry,24.93634005
2005-11-29,D0,D0 Abnormally dry,31.27018356
2005-12-06,D0,D0 Abnormally dry,27.81910778
2005-12-13,D0,D0 Abnormally dry,30.97274696
2005-12-20,D0,D0 Abnormally dry,29.87706813
2005-12-27,D0,D0 Abnormally dry,29.50276138
2006-01-03,D0,D0 Abnormally dry,30.24624409
2006-01-10,D0,D0 Abnormally dry,26.86415827
2006-01-17,D0,D0 Abnormally dry,18.87566572
2006-01-24,D0,D0 Abnormally dry,19.14330148
2006-01-31,D0,D0 Abnormally dry,16.96217631
2006-02-07,D0,D0 Abnormally dry,15.55548649
2006-02-14,D0,D0 Abnormally dry,16.00578177
2006-02-21,D0,D0 Abnormally dry,16.37661575
2006-02-28,D0,D0 Abnormally dry,18.20955515
2006-03-07,D0,D0 Abnormally dry,17.34005134
2006-03-14,D0,D0 Abnormally dry,14.27064334
2006-03-21,D0,D0 Abnormally dry,14.46006561
2006-03-28,D0,D0 Abnormally dry,12.50659791
2006-04-04,D0,D0 Abnormally dry,9.003895051
2006-04-11,D0,D0 Abnormally dry,9.352157481
2006-04-18,D0,D0 Abnormally dry,9.401311964
2006-04-25,D0,D0 Abnormally dry,8.474379756
2006-05-02,D0,D0 Abnormally dry,9.585493004
2006-05-09,D0,D0 Abnormally dry,9.665628314
2006-05-16,D0,D0 Abnormally dry,9.304360181
2006-05-23,D0,D0 Abnormally dry,8.650287205
2006-05-30,D0,D0 Abnormally dry,11.34908816
2006-06-06,D0,D0 Abnormally dry,9.305919312
2006-06-13,D0,D0 Abnormally dry,8.23560064
2006-06-20,D0,D0 Abnormally dry,8.23560064
2006-06-27,D0,D0 Abnormally dry,6.039515181
2006-07-04,D0,D0 Abnormally dry,6.148052653
2006-07-11,D0,D0 Abnormally dry,6.325673017
2006-07-18,D0,D0 Abnormally dry,5.982814544
2006-07-25,D0,D0 Abnormally dry,5.982814544
2006-08-01,D0,D0 Abnormally dry,10.93418996
2006-08-08,D0,D0 Abnormally dry,15.45053406
2006-08-15,D0,D0 Abnormally dry,14.450129
2006-08-22,D0,D0 Abnormally dry,15.11592824
2006-08-29,D0,D0 Abnormally dry,16.16489219
2006-09-05,D0,D0 Abnormally dry,16.94867556
2006-09-12,D0,D0 Abnormally dry,16.99025166
2006-09-19,D0,D0 Abnormally dry,18.09332335
2006-09-26,D0,D0 Abnormally dry,22.55916351
2006-10-03,D0,D0 Abnormally dry,22.52444851
2006-10-10,D0,D0 Abnormally dry,18.51765959
2006-10-17,D0,D0 Abnormally dry,18.65351811
2006-10-24,D0,D0 Abnormally dry,18.65351811
2006-10-31,D0,D0 Abnormally dry,17.134423
2006-11-07,D0,D0 Abnormally dry,17.02568733
2006-11-14,D0,D0 Abnormally dry,17.02568733
2006-11-21,D0,D0 Abnormally dry,18.63748408
2006-11-28,D0,D0 Abnormally dry,18.86164237
2006-12-05,D0,D0 Abnormally dry,28.07165699
2006-12-12,D0,D0 Abnormally dry,29.9585871
2006-12-19,D0,D0 Abnormally dry,34.19394831
2006-12-26,D0,D0 Abnormally dry,33.87965753
2007-01-02,D0,D0 Abnormally dry,26.92764346
2007-01-09,D0,D0 Abnormally dry,30.24027727
2007-01-16,D0,D0 Abnormally dry,27.66790574
2007-01-23,D0,D0 Abnormally dry,24.69956222
2007-01-30,D0,D0 Abnormally dry,27.0070488
2007-02-06,D0,D0 Abnormally dry,33.6496319
2007-02-13,D0,D0 Abnormally dry,34.04139875
2007-02-20,D0,D0 Abnormally dry,34.51002247
2007-02-27,D0,D0 Abnormally dry,34.5067897
2007-03-06,D0,D0 Abnormally dry,33.55532822
2007-03-13,D0,D0 Abnormally dry,31.53992073
2007-03-20,D0,D0 Abnormally dry,33.51835328
2007-03-27,D0,D0 Abnormally dry,12.80284116
2007-04-03,D0,D0 Abnormally dry,15.59099502
2007-04-10,D0,D0 Abnormally dry,11.66247112
2007-04-17,D0,D0 Abnormally dry,10.19088712
2007-04-24,D0,D0 Abnormally dry,11.55683343
2007-05-01,D0,D0 Abnormally dry,11.10663775
2007-05-08,D0,D0 Abnormally dry,10.52423161
2007-05-15,D0,D0 Abnormally dry,9.772324945
2007-05-22,D0,D0 Abnormally dry,8.887068019
2007-05-29,D0,D0 Abnormally dry,9.052779428
2007-06-05,D0,D0 Abnormally dry,9.052779428
2007-06-12,D0,D0 Abnormally dry,9.005114476
2007-06-19,D0,D0 Abnormally dry,10.57773882
2007-06-26,D0,D0 Abnormally dry,10.52286395
2007-07-03,D0,D0 Abnormally dry,10.34043134
2007-07-10,D0,D0 Abnormally dry,10.5233491
2007-07-17,D0,D0 Abnormally dry,10.71095413
2007-07-24,D0,D0 Abnormally dry,10.86437569
2007-07-31,D0,D0 Abnormally dry,10.78692014
2007-08-07,D0,D0 Abnormally dry,9.95242597
2007-08-14,D0,D0 Abnormally dry,10.01212146
2007-08-21,D0,D0 Abnormally dry,13.29430266
2007-08-28,D0,D0 Abnormally dry,12.57578915
2007-09-04,D0,D0 Abnormally dry,12.07296146
2007-09-11,D0,D0 Abnormally dry,11.6840976
2007-09-18,D0,D0 Abnormally dry,13.02631511
2007-09-25,D0,D0 Abnormally dry,13.18310073
2007-10-02,D0,D0 Abnormally dry,11.04146971
2007-10-09,D0,D0 Abnormally dry,11.01804583
2007-10-16,D0,D0 Abnormally dry,12.51701198
2007-10-23,D0,D0 Abnormally dry,12.99251682
2007-10-30,D0,D0 Abnormally dry,12.52403915
2007-11-06,D0,D0 Abnormally dry,13.85407195
2007-11-13,D0,D0 Abnormally dry,17.44224611
2007-11-20,D0,D0 Abnormally dry,17.64755292
2007-11-27,D0,D0 Abnormally dry,14.44918609
2007-12-04,D0,D0 Abnormally dry,22.4857846
2007-12-11,D0,D0 Abnormally dry,20.61808242
2007-12-18,D0,D0 Abnormally dry,19.04425094
2007-12-25,D0,D0 Abnormally dry,19.04588208
2008-01-01,D0,D0 Abnormally dry,19.04588208
2008-01-08,D0,D0 Abnormally dry,20.5843028
2008-01-15,D0,D0 Abnormally dry,19.96653302
2008-01-22,D0,D0 Abnormally dry,19.98114699
2008-01-29,D0,D0 Abnormally dry,27.34088178
2008-02-05,D0,D0 Abnormally dry,27.63619272
2008-02-12,D0,D0 Abnormally dry,35.17025365
2008-02-19,D0,D0 Abnormally dry,35.14682977
2008-02-26,D0,D0 Abnormally dry,29.92489586
2008-03-04,D0,D0 Abnormally dry,27.62384381
2008-03-11,D0,D0 Abnormally dry,27.28274149
2008-03-18,D0,D0 Abnormally dry,23.75951834
2008-03-25,D0,D0 Abnormally dry,25.12305582
2008-04-01,D0,D0 Abnormally dry,24.11606193
2008-04-08,D0,D0 Abnormally dry,26.52806071
2008-04-15,D0,D0 Abnormally dry,27.13630429
2008-04-22,D0,D0 Abnormally dry,27.13630429
2008-04-29,D0,D0 Abnormally dry,38.12273335
2008-05-06,D0,D0 Abnormally dry,38.94691713
2008-05-13,D0,D0 Abnormally dry,38.93728738
2008-05-20,D0,D0 Abnormally dry,39.23225742
2008-05-27,D0,D0 Abnormally dry,32.01225396
2008-06-03,D0,D0 Abnormally dry,29.17796403
2008-06-10,D0,D0 Abnormally dry,29.61653335
2008-06-17,D0,D0 Abnormally dry,22.11003065
2008-06-24,D0,D0 Abnormally dry,21.80001983
2008-07-01,D0,D0 Abnormally dry,23.63690151
2008-07-08,D0,D0 Abnormally dry,25.37595989
2008-07-15,D0,D0 Abnormally dry,25.42612205
2008-07-22,D0,D0 Abnormally dry,25.78413718
2008-07-29,D0,D0 Abnormally dry,19.58240496
2008-08-05,D0,D0 Abnormally dry,20.92885423
2008-08-12,D0,D0 Abnormally dry,21.29109483
2008-08-19,D0,D0 Abnormally dry,21.14111296
2008-08-26,D0,D0 Abnormally dry,20.95372189
2008-09-02,D0,D0 Abnormally dry,19.75857818
2008-09-09,D0,D0 Abnormally dry,21.2118044
2008-09-16,D0,D0 Abnormally dry,22.18951376
2008-09-23,D0,D0 Abnormally dry,21.44044477
2008-09-30,D0,D0 Abnormally dry,21.44044477
2008-10-07,D0,D0 Abnormally dry,22.41010061
2008-10-14,D0,D0 Abnormally dry,21.59814422
2008-10-21,D0,D0 Abnormally dry,23.70413546
2008-10-28,D0,D0 Abnormally dry,23.68673882
2008-11-04,D0,D0 Abnormally dry,24.3953451
2008-11-11,D0,D0 Abnormally dry,24.57497479
2008-11-18,D0,D0 Abnormally dry,36.94708499
2008-11-25,D0,D0 Abnormally dry,36.94708499
2008-12-02,D0,D0 Abnormally dry,39.43393767
2008-12-09,D0,D0 Abnormally dry,39.10834568
2008-12-16,D0,D0 Abnormally dry,37.57173892
2008-12-23,D0,D0 Abnormally dry,35.65965584
2008-12-30,D0,D0 Abnormally dry,30.76262831
2009-01-06,D0,D0 Abnormally dry,28.65566068
2009-01-13,D0,D0 Abnormally dry,28.9672436
2009-01-20,D0,D0 Abnormally dry,28.9672436
2009-01-27,D0,D0 Abnormally dry,29.65014278
2009-02-03,D0,D0 Abnormally dry,29.72860672
2009-02-10,D0,D0 Abnormally dry,34.78432398
2009-02-17,D0,D0 Abnormally dry,34.51245118
2009-02-24,D0,D0 Abnormally dry,34.39314997
2009-03-03,D0,D0 Abnormally dry,34.09999024
2009-03-10,D0,D0 Abnormally dry,37.37853906
2009-03-17,D0,D0 Abnormally dry,36.15261065
2009-03-24,D0,D0 Abnormally dry,34.86717069
2009-03-31,D0,D0 Abnormally dry,35.40786999
2009-04-07,D0,D0 Abnormally dry,36.20304422
2009-04-14,D0,D0 Abnormally dry,41.60185602
2009-04-21,D0,D0 Abnormally dry,43.54564219
2009-04-28,D0,D0 Abnormally dry,43.39374283
2009-05-05,D0,D0 Abnormally dry,41.0001211
2009-05-12,D0,D0 Abnormally dry,36.42294048
2009-05-19,D0,D0 Abnormally dry,34.95984653
2009-05-26,D0,D0 Abnormally dry,29.44501435
2009-06-02,D0,D0 Abnormally dry,29.30157283
2009-06-09,D0,D0 Abnormally dry,29.32601586
2009-06-16,D0,D0 Abnormally dry,28.74246277
2009-06-23,D0,D0 Abnormally dry,28.32532856
2009-06-30,D0,D0 Abnormally dry,29.8685008
2009-07-07,D0,D0 Abnormally dry,26.13544737
2009-07-14,D0,D0 Abnormally dry,26.34597178
2009-07-21,D0,D0 Abnormally dry,26.34597178
2009-07-28,D0,D0 Abnormally dry,24.74257091
2009-08-04,D0,D0 Abnormally dry,32.29033098
2009-08-11,D0,D0 Abnormally dry,33.33934385
2009-08-18,D0,D0 Abnormally dry,32.82246018
2009-08-25,D0,D0 Abnormally dry,29.66141661
2009-09-01,D0,D0 Abnormally dry,36.04884317
2009-09-08,D0,D0 Abnormally dry,36.68782901
2009-09-15,D0,D0 Abnormally dry,35.34715041
2009-09-22,D0,D0 Abnormally dry,31.64449316
2009-09-29,D0,D0 Abnormally dry,30.92967027
2009-10-06,D0,D0 Abnormally dry,27.20343824
2009-10-13,D0,D0 Abnormally dry,25.75811686
2009-10-20,D0,D0 Abnormally dry,27.80777489
2009-10-27,D0,D0 Abnormally dry,23.85438919
2009-11-03,D0,D0 Abnormally dry,20.02781887
2009-11-10,D0,D0 Abnormally dry,22.88866417
2009-11-17,D0,D0 Abnormally dry,22.11223374
2009-11-24,D0,D0 Abnormally dry,23.07093577
2009-12-01,D0,D0 Abnormally dry,23.6409219
2009-12-08,D0,D0 Abnormally dry,23.63551318
2009-12-15,D0,D0 Abnormally dry,24.61422507
2009-12-22,D0,D0 Abnormally dry,24.61422507
2009-12-29,D0,D0 Abnormally dry,24.62515855
2010-01-05,D0,D0 Abnormally dry,24.83502484
2010-01-12,D0,D0 Abnormally dry,33.78622615
2010-01-19,D0,D0 Abnormally dry,34.96827315
2010-01-26,D0,D0 Abnormally dry,43.63960095
2010-02-02,D0,D0 Abnormally dry,43.36484577
2010-02-09,D0,D0 Abnormally dry,43.74069647
2010-02-16,D0,D0 Abnormally dry,39.08828564
2010-02-23,D0,D0 Abnormally dry,37.79183326
2010-03-02,D0,D0 Abnormally dry,37.22093557
2010-03-09,D0,D0 Abnormally dry,36.1973925
2010-03-16,D0,D0 Abnormally dry,36.25703349
2010-03-23,D0,D0 Abnormally dry,33.92794321
2010-03-30,D0,D0 Abnormally dry,35.32242017
2010-04-06,D0,D0 Abnormally dry,35.48595813
2010-04-13,D0,D0 Abnormally dry,31.8738559
2010-04-20,D0,D0 Abnormally dry,31.17874765
2010-04-27,D0,D0 Abnormally dry,29.95714848
2010-05-04,D0,D0 Abnormally dry,29.95714848
2010-05-11,D0,D0 Abnormally dry,30.14800715
2010-05-18,D0,D0 Abnormally dry,22.65169282
2010-05-25,D0,D0 Abnormally dry,22.28041685
2010-06-01,D0,D0 Abnormally dry,22.28041685
2010-06-08,D0,D0 Abnormally dry,18.95554695
2010-06-15,D0,D0 Abnormally dry,22.85723965
2010-06-22,D0,D0 Abnormally dry,24.53034761
2010-06-29,D0,D0 Abnormally dry,24.84710995
2010-07-06,D0,D0 Abnormally dry,25.1846662
2010-07-13,D0,D0 Abnormally dry,25.1846662
2010-07-20,D0,D0 Abnormally dry,27.01120205
2010-07-27,D0,D0 Abnormally dry,25.86631992
2010-08-03,D0,D0 Abnormally dry,24.86868343
2010-08-10,D0,D0 Abnormally dry,26.24785359
2010-08-17,D0,D0 Abnormally dry,25.81577821
2010-08-24,D0,D0 Abnormally dry,25.79457343
2010-08-31,D0,D0 Abnormally dry,25.79457343
2010-09-07,D0,D0 Abnormally dry,27.78236983
2010-09-14,D0,D0 Abnormally dry,28.04453984
2010-09-21,D0,D0 Abnormally dry,30.89847886
2010-09-28,D0,D0 Abnormally dry,36.23858469
2010-10-05,D0,D0 Abnormally dry,35.77980953
2010-10-12,D0,D0 Abnormally dry,39.09955785
2010-10-19,D0,D0 Abnormally dry,38.58379343
2010-10-26,D0,D0 Abnormally dry,31.80902066
2010-11-02,D0,D0 Abnormally dry,31.80902066
2010-11-09,D0,D0 Abnormally dry,30.99154442
2010-11-16,D0,D0 Abnormally dry,30.79346833
2010-11-23,D0,D0 Abnormally dry,28.71805719
2010-11-30,D0,D0 Abnormally dry,27.21109603
2010-12-07,D0,D0 Abnormally dry,39.48153988
2010-12-14,D0,D0 Abnormally dry,38.67797905
2010-12-21,D0,D0 Abnormally dry,27.13160343
2010-12-28,D0,D0 Abnormally dry,20.52642605
2011-01-04,D0,D0 Abnormally dry,18.04049073
2011-01-11,D0,D0 Abnormally dry,14.34766219
2011-01-18,D0,D0 Abnormally dry,14.30814498
2011-01-25,D0,D0 Abnormally dry,13.48865763
2011-02-01,D0,D0 Abnormally dry,15.09532684
2011-02-08,D0,D0 Abnormally dry,18.85719191
2011-02-15,D0,D0 Abnormally dry,18.44187111
2011-02-22,D0,D0 Abnormally dry,11.06089758
2011-03-01,D0,D0 Abnormally dry,10.83746811
2011-03-08,D0,D0 Abnormally dry,14.01232692
2011-03-15,D0,D0 Abnormally dry,10.75724603
2011-03-22,D0,D0 Abnormally dry,9.590915362
2011-03-29,D0,D0 Abnormally dry,6.511712042
2011-04-05,D0,D0 Abnormally dry,6.272350087
2011-04-12,D0,D0 Abnormally dry,6.373433228
2011-04-19,D0,D0 Abnormally dry,6.373433228
2011-04-26,D0,D0 Abnormally dry,6.745433262
2011-05-03,D0,D0 Abnormally dry,6.745433262
2011-05-10,D0,D0 Abnormally dry,6.793499767
2011-05-17,D0,D0 Abnormally dry,7.195128241
2011-05-24,D0,D0 Abnormally dry,6.281672033
2011-05-31,D0,D0 Abnormally dry,5.876910672
2011-06-07,D0,D0 Abnormally dry,5.876910672
2011-06-14,D0,D0 Abnormally dry,6.000541642
2011-06-21,D0,D0 Abnormally dry,6.05553267
2011-06-28,D0,D0 Abnormally dry,12.14213637
2011-07-05,D0,D0 Abnormally dry,12.08955054
2011-07-12,D0,D0 Abnormally dry,10.04293139
2011-07-19,D0,D0 Abnormally dry,10.77198338
2011-07-26,D0,D0 Abnormally dry,10.77198338
2011-08-02,D0,D0 Abnormally dry,10.50386802
2011-08-09,D0,D0 Abnormally dry,10.31320821
2011-08-16,D0,D0 Abnormally dry,9.978630126
2011-08-23,D0,D0 Abnormally dry,10.88277469
2011-08-30,D0,D0 Abnormally dry,10.30325698
2011-09-06,D0,D0 Abnormally dry,17.03749826
2011-09-13,D0,D0 Abnormally dry,17.41500073
2011-09-20,D0,D0 Abnormally dry,12.25470262
2011-09-27,D0,D0 Abnormally dry,12.25470262
2011-10-04,D0,D0 Abnormally dry,12.20947298
2011-10-11,D0,D0 Abnormally dry,12.02147635
2011-10-18,D0,D0 Abnormally dry,11.61053576
2011-10-25,D0,D0 Abnormally dry,11.61053576
2011-11-01,D0,D0 Abnormally dry,10.95463353
2011-11-08,D0,D0 Abnormally dry,9.85692315
2011-11-15,D0,D0 Abnormally dry,9.900055249
2011-11-22,D0,D0 Abnormally dry,9.900055249
2011-11-29,D0,D0 Abnormally dry,10.77043379
2011-12-06,D0,D0 Abnormally dry,13.95612883
2011-12-13,D0,D0 Abnormally dry,19.59679252
2011-12-20,D0,D0 Abnormally dry,19.9994946
2011-12-27,D0,D0 Abnormally dry,31.52903334
2012-01-03,D0,D0 Abnormally dry,20.46059526
2012-01-10,D0,D0 Abnormally dry,31.61468748
2012-01-17,D0,D0 Abnormally dry,36.23536552
2012-01-24,D0,D0 Abnormally dry,31.62591284
2012-01-31,D0,D0 Abnormally dry,24.92111617
2012-02-07,D0,D0 Abnormally dry,24.00947483
2012-02-14,D0,D0 Abnormally dry,24.41010868
2012-02-21,D0,D0 Abnormally dry,22.39180968
2012-02-28,D0,D0 Abnormally dry,19.80905918
2012-03-06,D0,D0 Abnormally dry,19.04582178
2012-03-13,D0,D0 Abnormally dry,14.97431047
2012-03-20,D0,D0 Abnormally dry,14.92632952
2012-03-27,D0,D0 Abnormally dry,17.78430852
2012-04-03,D0,D0 Abnormally dry,19.14548392
2012-04-10,D0,D0 Abnormally dry,19.65167265
2012-04-17,D0,D0 Abnormally dry,20.0784444
2012-04-24,D0,D0 Abnormally dry,18.91205152
2012-05-01,D0,D0 Abnormally dry,16.08350426
2012-05-08,D0,D0 Abnormally dry,14.17139562
2012-05-15,D0,D0 Abnormally dry,13.75730634
2012-05-22,D0,D0 Abnormally dry,12.75564484
2012-05-29,D0,D0 Abnormally dry,12.1916443
2012-06-05,D0,D0 Abnormally dry,12.25428028
2012-06-12,D0,D0 Abnormally dry,10.03013764
2012-06-19,D0,D0 Abnormally dry,7.930631005
2012-06-26,D0,D0 Abnormally dry,7.73194812
2012-07-03,D0,D0 Abnormally dry,7.477943343
2012-07-10,D0,D0 Abnormally dry,7.450333096
2012-07-17,D0,D0 Abnormally dry,5.976282143
2012-07-24,D0,D0 Abnormally dry,5.974024495
2012-07-31,D0,D0 Abnormally dry,5.975764383
2012-08-07,D0,D0 Abnormally dry,5.975764383
2012-08-14,D0,D0 Abnormally dry,6.042640755
2012-08-21,D0,D0 Abnormally dry,4.565314923
2012-08-28,D0,D0 Abnormally dry,4.408374902
2012-09-04,D0,D0 Abnormally dry,4.443510728
2012-09-11,D0,D0 Abnormally dry,4.480988942
2012-09-18,D0,D0 Abnormally dry,4.478319711
2012-09-25,D0,D0 Abnormally dry,4.486461125
2012-10-02,D0,D0 Abnormally dry,4.535780496
2012-10-09,D0,D0 Abnormally dry,5.718286956
2012-10-16,D0,D0 Abnormally dry,7.022565602
2012-10-23,D0,D0 Abnormally dry,7.124346057
2012-10-30,D0,D0 Abnormally dry,7.131373222
2012-11-06,D0,D0 Abnormally dry,7.194617708
2012-11-13,D0,D0 Abnormally dry,7.517867303
2012-11-20,D0,D0 Abnormally dry,7.768502858
2012-11-27,D0,D0 Abnormally dry,6.655868384
2012-12-04,D0,D0 Abnormally dry,5.437132297
2012-12-11,D0,D0 Abnormally dry,3.940948632
2012-12-18,D0,D0 Abnormally dry,4.489110008
2012-12-25,D0,D0 Abnormally dry,4.489110008
2013-01-01,D0,D0 Abnormally dry,4.503164339
2013-01-08,D0,D0 Abnormally dry,4.49342364
2013-01-15,D0,D0 Abnormally dry,4.4787608
2013-01-22,D0,D0 Abnormally dry,4.4787608
2013-01-29,D0,D0 Abnormally dry,7.423084663
2013-02-05,D0,D0 Abnormally dry,7.423084663
2013-02-12,D0,D0 Abnormally dry,7.520317427
2013-02-19,D0,D0 Abnormally dry,12.72849915
2013-02-26,D0,D0 Abnormally dry,16.37955146
2013-03-05,D0,D0 Abnormally dry,17.51879102
2013-03-12,D0,D0 Abnormally dry,14.11940703
2013-03-19,D0,D0 Abnormally dry,14.26871739
2013-03-26,D0,D0 Abnormally dry,17.27868643
2013-04-02,D0,D0 Abnormally dry,17.27520666
2013-04-09,D0,D0 Abnormally dry,16.41874042
2013-04-16,D0,D0 Abnormally dry,16.27030702
2013-04-23,D0,D0 Abnormally dry,12.4320973
2013-04-30,D0,D0 Abnormally dry,12.35690367
2013-05-07,D0,D0 Abnormally dry,5.097354594
2013-05-14,D0,D0 Abnormally dry,4.934503132
2013-05-21,D0,D0 Abnormally dry,4.767473864
2013-05-28,D0,D0 Abnormally dry,4.767473864
2013-06-04,D0,D0 Abnormally dry,2.927706994
2013-06-11,D0,D0 Abnormally dry,2.734763751
2013-06-18,D0,D0 Abnormally dry,1.707192511
2013-06-25,D0,D0 Abnormally dry,1.707192511
2013-07-02,D0,D0 Abnormally dry,1.707401143
2013-07-09,D0,D0 Abnormally dry,1.762318077
2013-07-16,D0,D0 Abnormally dry,2.042349672
2013-07-23,D0,D0 Abnormally dry,3.406661945
2013-07-30,D0,D0 Abnormally dry,4.401987929
2013-08-06,D0,D0 Abnormally dry,4.796689447
2013-08-13,D0,D0 Abnormally dry,4.663809896
2013-08-20,D0,D0 Abnormally dry,4.67051909
2013-08-27,D0,D0 Abnormally dry,4.613916959
2013-09-03,D0,D0 Abnormally dry,6.611953629
2013-09-10,D0,D0 Abnormally dry,6.502043578
2013-09-17,D0,D0 Abnormally dry,11.95343148
2013-09-24,D0,D0 Abnormally dry,16.1816068
2013-10-01,D0,D0 Abnormally dry,15.81753675
2013-10-08,D0,D0 Abnormally dry,15.73898655
2013-10-15,D0,D0 Abnormally dry,16.50270127
2013-10-22,D0,D0 Abnormally dry,17.62462194
2013-10-29,D0,D0 Abnormally dry,17.62462194
2013-11-05,D0,D0 Abnormally dry,18.9022391
2013-11-12,D0,D0 Abnormally dry,18.90358826
2013-11-19,D0,D0 Abnormally dry,17.95097782
2013-11-26,D0,D0 Abnormally dry,20.6281497
2013-12-03,D0,D0 Abnormally dry,20.6281497
2013-12-10,D0,D0 Abnormally dry,21.46638302
2013-12-17,D0,D0 Abnormally dry,21.44295914
2013-12-24,D0,D0 Abnormally dry,21.48073803
2013-12-31,D0,D0 Abnormally dry,21.48073803
2014-01-07,D0,D0 Abnormally dry,21.21548034
2014-01-14,D0,D0 Abnormally dry,21.08791653
2014-01-21,D0,D0 Abnormally dry,21.08791653
2014-01-28,D0,D0 Abnormally dry,18.82259713
2014-02-04,D0,D0 Abnormally dry,18.82085724
2014-02-11,D0,D0 Abnormally dry,17.7847102
2014-02-18,D0,D0 Abnormally dry,18.15854589
2014-02-25,D0,D0 Abnormally dry,17.58069819
2014-03-04,D0,D0 Abnormally dry,17.46713673
2014-03-11,D0,D0 Abnormally dry,16.0756824
2014-03-18,D0,D0 Abnormally dry,12.44168923
2014-03-25,D0,D0 Abnormally dry,12.39917616
2014-04-01,D0,D0 Abnormally dry,12.25315973
2014-04-08,D0,D0 Abnormally dry,10.95142821
2014-04-15,D0,D0 Abnormally dry,10.80396314
2014-04-22,D0,D0 Abnormally dry,9.167839542
2014-04-29,D0,D0 Abnormally dry,8.471994754
2014-05-06,D0,D0 Abnormally dry,8.123932886
2014-05-13,D0,D0 Abnormally dry,6.318838529
2014-05-20,D0,D0 Abnormally dry,6.318838529
2014-05-27,D0,D0 Abnormally dry,7.074947327
2014-06-03,D0,D0 Abnormally dry,6.259057979
2014-06-10,D0,D0 Abnormally dry,6.865546951
2014-06-17,D0,D0 Abnormally dry,6.61271402
2014-06-24,D0,D0 Abnormally dry,6.61271402
2014-07-01,D0,D0 Abnormally dry,6.222957939
2014-07-08,D0,D0 Abnormally dry,5.607018451
2014-07-15,D0,D0 Abnormally dry,5.171149937
2014-07-22,D0,D0 Abnormally dry,4.862436588
2014-07-29,D0,D0 Abnormally dry,4.92080797
2014-08-05,D0,D0 Abnormally dry,7.249867537
2014-08-12,D0,D0 Abnormally dry,8.087826292
2014-08-19,D0,D0 Abnormally dry,8.792974266
2014-08-26,D0,D0 Abnormally dry,9.346748631
2014-09-02,D0,D0 Abnormally dry,10.23534645
2014-09-09,D0,D0 Abnormally dry,10.8579881
2014-09-16,D0,D0 Abnormally dry,11.04820772
2014-09-23,D0,D0 Abnormally dry,9.987086235
2014-09-30,D0,D0 Abnormally dry,10.44789426
2014-10-07,D0,D0 Abnormally dry,10.50753492
2014-10-14,D0,D0 Abnormally dry,10.51133808
2014-10-21,D0,D0 Abnormally dry,10.51133808
2014-10-28,D0,D0 Abnormally dry,10.49774892
2014-11-04,D0,D0 Abnormally dry,10.41576487
2014-11-11,D0,D0 Abnormally dry,10.48816776
2014-11-18,D0,D0 Abnormally dry,10.48816776
2014-11-25,D0,D0 Abnormally dry,10.52368479
2014-12-02,D0,D0 Abnormally dry,11.0091136
2014-12-09,D0,D0 Abnormally dry,11.0091136
2014-12-16,D0,D0 Abnormally dry,11.55370973
2014-12-23,D0,D0 Abnormally dry,11.55370973
2014-12-30,D0,D0 Abnormally dry,11.62163899
2015-01-06,D0,D0 Abnormally dry,11.81523857
2015-01-13,D0,D0 Abnormally dry,11.81523857
2015-01-20,D0,D0 Abnormally dry,11.7707768
2015-01-27,D0,D0 Abnormally dry,15.24371909
2015-02-03,D0,D0 Abnormally dry,17.67261876
2015-02-10,D0,D0 Abnormally dry,17.48929629
2015-02-17,D0,D0 Abnormally dry,8.383901133
2015-02-24,D0,D0 Abnormally dry,7.781345004
2015-03-03,D0,D0 Abnormally dry,8.208703705
2015-03-10,D0,D0 Abnormally dry,8.194789579
2015-03-17,D0,D0 Abnormally dry,7.394327412
2015-03-24,D0,D0 Abnormally dry,8.222668244
2015-03-31,D0,D0 Abnormally dry,8.204793886
2015-04-07,D0,D0 Abnormally dry,9.207247416
2015-04-14,D0,D0 Abnormally dry,9.20791491
2015-04-21,D0,D0 Abnormally dry,7.714473941
2015-04-28,D0,D0 Abnormally dry,7.02713181
2015-05-05,D0,D0 Abnormally dry,6.929156443
2015-05-12,D0,D0 Abnormally dry,7.029880645
2015-05-19,D0,D0 Abnormally dry,10.70096931
2015-05-26,D0,D0 Abnormally dry,9.990077987
2015-06-02,D0,D0 Abnormally dry,9.723201801
2015-06-09,D0,D0 Abnormally dry,14.73704017
2015-06-16,D0,D0 Abnormally dry,13.51641569
2015-06-23,D0,D0 Abnormally dry,15.73781736
2015-06-30,D0,D0 Abnormally dry,15.73781736
2015-07-07,D0,D0 Abnormally dry,15.73781736
2015-07-14,D0,D0 Abnormally dry,12.01172775
2015-07-21,D0,D0 Abnormally dry,12.58466912
2015-07-28,D0,D0 Abnormally dry,12.8888992
2015-08-04,D0,D0 Abnormally dry,12.8888992
2015-08-11,D0,D0 Abnormally dry,13.11944237
2015-08-18,D0,D0 Abnormally dry,14.8856427
2015-08-25,D0,D0 Abnormally dry,14.8856427
2015-09-01,D0,D0 Abnormally dry,15.02714802
2015-09-08,D0,D0 Abnormally dry,16.13833723
2015-09-15,D0,D0 Abnormally dry,16.15875274
2015-09-22,D0,D0 Abnormally dry,20.19678222
2015-09-29,D0,D0 Abnormally dry,19.25356041
2015-10-06,D0,D0 Abnormally dry,19.20147996
2015-10-13,D0,D0 Abnormally dry,19.87671125
2015-10-20,D0,D0 Abnormally dry,22.9682416
2015-10-27,D0,D0 Abnormally dry,18.05085396
2015-11-03,D0,D0 Abnormally dry,19.040961
2015-11-10,D0,D0 Abnormally dry,17.76248925
2015-11-17,D0,D0 Abnormally dry,18.10427701
2015-11-24,D0,D0 Abnormally dry,17.99405181
2015-12-01,D0,D0 Abnormally dry,20.25464963
2015-12-08,D0,D0 Abnormally dry,20.25464963
2015-12-15,D0,D0 Abnormally dry,19.69714804
2015-12-22,D0,D0 Abnormally dry,19.87197303
2015-12-29,D0,D0 Abnormally dry,19.58504319
2016-01-05,D0,D0 Abnormally dry,18.28042041
2016-01-12,D0,D0 Abnormally dry,18.5115939
2016-01-19,D0,D0 Abnormally dry,18.40893968
2016-01-26,D0,D0 Abnormally dry,19.13941602
2016-02-02,D0,D0 Abnormally dry,19.11388468
2016-02-09,D0,D0 Abnormally dry,20.2242756
2016-02-16,D0,D0 Abnormally dry,20.2242756
2016-02-23,D0,D0 Abnormally dry,25.02513102
2016-03-01,D0,D0 Abnormally dry,28.1375666
2016-03-08,D0,D0 Abnormally dry,30.18939073
2016-03-15,D0,D0 Abnormally dry,33.52161236
2016-03-22,D0,D0 Abnormally dry,36.14083008
2016-03-29,D0,D0 Abnormally dry,35.82416282
2016-04-05,D0,D0 Abnormally dry,28.09570408
2016-04-12,D0,D0 Abnormally dry,28.40129974
2016-04-19,D0,D0 Abnormally dry,28.68742915
2016-04-26,D0,D0 Abnormally dry,32.31638405
2016-05-03,D0,D0 Abnormally dry,26.48249757
2016-05-10,D0,D0 Abnormally dry,24.14639616
2016-05-17,D0,D0 Abnormally dry,25.22419096
2016-05-24,D0,D0 Abnormally dry,25.39390302
2016-05-31,D0,D0 Abnormally dry,28.24264917
2016-06-07,D0,D0 Abnormally dry,28.09071846
2016-06-14,D0,D0 Abnormally dry,32.60389384
2016-06-21,D0,D0 Abnormally dry,32.81391753
2016-06-28,D0,D0 Abnormally dry,33.12977357
2016-07-05,D0,D0 Abnormally dry,33.12977357
2016-07-12,D0,D0 Abnormally dry,33.30915463
2016-07-19,D0,D0 Abnormally dry,35.11095682
2016-07-26,D0,D0 Abnormally dry,35.56434736
2016-08-02,D0,D0 Abnormally dry,34.44733913
2016-08-09,D0,D0 Abnormally dry,35.5684417
2016-08-16,D0,D0 Abnormally dry,34.93490783
2016-08-23,D0,D0 Abnormally dry,35.89228873
2016-08-30,D0,D0 Abnormally dry,34.26252005
2016-09-06,D0,D0 Abnormally dry,35.94899659
2016-09-13,D0,D0 Abnormally dry,38.98667146
2016-09-20,D0,D0 Abnormally dry,39.38999532
2016-09-27,D0,D0 Abnormally dry,35.55600543
2016-10-04,D0,D0 Abnormally dry,31.69671862
2016-10-11,D0,D0 Abnormally dry,31.24807862
2016-10-18,D0,D0 Abnormally dry,33.52235917
2016-10-25,D0,D0 Abnormally dry,35.34260013
2016-11-01,D0,D0 Abnormally dry,39.38525293
2016-11-08,D0,D0 Abnormally dry,41.1860822
2016-11-15,D0,D0 Abnormally dry,40.53366816
2016-11-22,D0,D0 Abnormally dry,40.53366816
2016-11-29,D0,D0 Abnormally dry,39.36819342
2016-12-06,D0,D0 Abnormally dry,38.89872856
2016-12-13,D0,D0 Abnormally dry,38.97253737
2016-12-20,D0,D0 Abnormally dry,39.51444343
2016-12-27,D0,D0 Abnormally dry,30.18347706
2017-01-03,D0,D0 Abnormally dry,28.4116718
2017-01-10,D0,D0 Abnormally dry,25.28482937
2017-01-17,D0,D0 Abnormally dry,25.52952787
2017-01-24,D0,D0 Abnormally dry,21.09093665
2017-01-31,D0,D0 Abnormally dry,21.30215232
2017-02-07,D0,D0 Abnormally dry,17.96178728
2017-02-14,D0,D0 Abnormally dry,22.57552085
2017-02-21,D0,D0 Abnormally dry,18.25288812
2017-02-28,D0,D0 Abnormally dry,18.50595262
2017-03-07,D0,D0 Abnormally dry,14.02993835
2017-03-14,D0,D0 Abnormally dry,12.04186072
2017-03-21,D0,D0 Abnormally dry,16.93616626
2017-03-28,D0,D0 Abnormally dry,19.37811779
2017-04-04,D0,D0 Abnormally dry,18.9915512
2017-04-11,D0,D0 Abnormally dry,19.39377472
2017-04-18,D0,D0 Abnormally dry,23.24871512
2017-04-25,D0,D0 Abnormally dry,20.26330211
2017-05-02,D0,D0 Abnormally dry,15.74616352
2017-05-09,D0,D0 Abnormally dry,13.19174415
2017-05-16,D0,D0 Abnormally dry,14.72288176
2017-05-23,D0,D0 Abnormally dry,13.68730912
2017-05-30,D0,D0 Abnormally dry,14.23015424
2017-06-06,D0,D0 Abnormally dry,14.28903497
2017-06-13,D0,D0 Abnormally dry,14.07502872
2017-06-20,D0,D0 Abnormally dry,16.03709323
2017-06-27,D0,D0 Abnormally dry,15.86106368
2017-07-04,D0,D0 Abnormally dry,21.0320213
2017-07-11,D0,D0 Abnormally dry,24.13234661
2017-07-18,D0,D0 Abnormally dry,29.54066254
2017-07-25,D0,D0 Abnormally dry,34.32166913
2017-08-01,D0,D0 Abnormally dry,18.63919996
2017-08-08,D0,D0 Abnormally dry,16.44121078
2017-08-15,D0,D0 Abnormally dry,12.45944464
2017-08-22,D0,D0 Abnormally dry,11.41559271
2017-08-29,D0,D0 Abnormally dry,11.81329716
2017-09-05,D0,D0 Abnormally dry,16.9288651
2017-09-12,D0,D0 Abnormally dry,17.32805908
2017-09-19,D0,D0 Abnormally dry,17.33832712
2017-09-26,D0,D0 Abnormally dry,22.59130039
2017-10-03,D0,D0 Abnormally dry,23.5498045
2017-10-10,D0,D0 Abnormally dry,21.38478172
2017-10-17,D0,D0 Abnormally dry,22.65850927
2017-10-24,D0,D0 Abnormally dry,22.74773226
2017-10-31,D0,D0 Abnormally dry,22.49688341
2017-11-07,D0,D0 Abnormally dry,25.16212227
2017-11-14,D0,D0 Abnormally dry,27.66557141
2017-11-21,D0,D0 Abnormally dry,26.46011592
2017-11-28,D0,D0 Abnormally dry,25.30899608
2017-12-05,D0,D0 Abnormally dry,21.09988107
2017-12-12,D0,D0 Abnormally dry,39.27033363
2017-12-19,D0,D0 Abnormally dry,37.74209964
2017-12-26,D0,D0 Abnormally dry,35.98445066
2018-01-02,D0,D0 Abnormally dry,32.50384305
2018-01-09,D0,D0 Abnormally dry,19.70262513
2018-01-16,D0,D0 Abnormally dry,20.38043611
2018-01-23,D0,D0 Abnormally dry,21.0868758
2018-01-30,D0,D0 Abnormally dry,26.28834448
2018-02-06,D0,D0 Abnormally dry,27.87641436
2018-02-13,D0,D0 Abnormally dry,26.27616409
2018-02-20,D0,D0 Abnormally dry,27.89133659
2018-02-27,D0,D0 Abnormally dry,27.69130723
2018-03-06,D0,D0 Abnormally dry,27.69130723
2018-03-13,D0,D0 Abnormally dry,27.10893682
2018-03-20,D0,D0 Abnormally dry,26.80600052
2018-03-27,D0,D0 Abnormally dry,25.53908829
2018-04-03,D0,D0 Abnormally dry,25.46096968
2018-04-10,D0,D0 Abnormally dry,19.29497636
2018-04-17,D0,D0 Abnormally dry,18.77615196
2018-04-24,D0,D0 Abnormally dry,18.63152784
2018-05-01,D0,D0 Abnormally dry,18.63326772
2018-05-08,D0,D0 Abnormally dry,18.63902876
2018-05-15,D0,D0 Abnormally dry,19.20561375
2018-05-22,D0,D0 Abnormally dry,18.89518031
2018-05-29,D0,D0 Abnormally dry,18.57367962
2018-06-05,D0,D0 Abnormally dry,18.66147937
2018-06-12,D0,D0 Abnormally dry,18.82582455
2018-06-19,D0,D0 Abnormally dry,18.97073678
2018-06-26,D0,D0 Abnormally dry,21.01055372
2018-07-03,D0,D0 Abnormally dry,21.32175045
2018-07-10,D0,D0 Abnormally dry,19.77181533
2018-07-17,D0,D0 Abnormally dry,19.81276771
2018-07-24,D0,D0 Abnormally dry,19.78836295
2018-07-31,D0,D0 Abnormally dry,19.62213642
2018-08-07,D0,D0 Abnormally dry,19.80136495
2018-08-14,D0,D0 Abnormally dry,18.65651285
2018-08-21,D0,D0 Abnormally dry,19.00859195
2018-08-28,D0,D0 Abnormally dry,18.56592921
2018-09-04,D0,D0 Abnormally dry,18.63254568
2018-09-11,D0,D0 Abnormally dry,19.0024961
2018-09-18,D0,D0 Abnormally dry,19.54556222
2018-09-25,D0,D0 Abnormally dry,19.84197864
2018-10-02,D0,D0 Abnormally dry,20.11905473
2018-10-09,D0,D0 Abnormally dry,19.88114667
2018-10-16,D0,D0 Abnormally dry,21.33383256
2018-10-23,D0,D0 Abnormally dry,21.3721101
2018-10-30,D0,D0 Abnormally dry,25.62006182
2018-11-06,D0,D0 Abnormally dry,30.03677748
2018-11-13,D0,D0 Abnormally dry,30.84217853
2018-11-20,D0,D0 Abnormally dry,22.72333522
2018-11-27,D0,D0 Abnormally dry,20.90866224
2018-12-04,D0,D0 Abnormally dry,19.97425232
2018-12-11,D0,D0 Abnormally dry,19.25772688
2018-12-18,D0,D0 Abnormally dry,19.25772688
2018-12-25,D0,D0 Abnormally dry,19.49711618
2019-01-01,D0,D0 Abnormally dry,16.45731469
2019-01-08,D0,D0 Abnormally dry,15.94909902
2019-01-15,D0,D0 Abnormally dry,16.19843755
2019-01-22,D0,D0 Abnormally dry,21.42404394
2019-01-29,D0,D0 Abnormally dry,30.4858343
2019-02-05,D0,D0 Abnormally dry,32.39341538
2019-02-12,D0,D0 Abnormally dry,33.48614174
2019-02-19,D0,D0 Abnormally dry,24.9113053
2019-02-26,D0,D0 Abnormally dry,22.48228648
2019-03-05,D0,D0 Abnormally dry,22.87894784
2019-03-12,D0,D0 Abnormally dry,29.52037086
2019-03-19,D0,D0 Abnormally dry,27.61117442
2019-03-26,D0,D0 Abnormally dry,15.22821046
2019-04-02,D0,D0 Abnormally dry,14.53109585
2019-04-09,D0,D0 Abnormally dry,12.91439824
2019-04-16,D0,D0 Abnormally dry,10.70771594
2019-04-23,D0,D0 Abnormally dry,10.81992857
2019-04-30,D0,D0 Abnormally dry,9.720869329
2019-05-07,D0,D0 Abnormally dry,9.787147093
2019-05-14,D0,D0 Abnormally dry,8.147369934
2019-05-21,D0,D0 Abnormally dry,6.251610731
2019-05-28,D0,D0 Abnormally dry,6.236146131
2019-06-04,D0,D0 Abnormally dry,5.688603997
2019-06-11,D0,D0 Abnormally dry,5.068062498
2019-06-18,D0,D0 Abnormally dry,5.061988344
2019-06-25,D0,D0 Abnormally dry,5.45520308
2019-07-02,D0,D0 Abnormally dry,5.45520308
2019-07-09,D0,D0 Abnormally dry,5.45520308
2019-07-16,D0,D0 Abnormally dry,5.456942968
2019-07-23,D0,D0 Abnormally dry,7.53869562
2019-07-30,D0,D0 Abnormally dry,7.987460828
2019-08-06,D0,D0 Abnormally dry,7.787607085
2019-08-13,D0,D0 Abnormally dry,16.97489651
2019-08-20,D0,D0 Abnormally dry,18.77426554
2019-08-27,D0,D0 Abnormally dry,21.98962267
2019-09-03,D0,D0 Abnormally dry,32.96885065
2019-09-10,D0,D0 Abnormally dry,24.75207284
2019-09-17,D0,D0 Abnormally dry,20.63976731
2019-09-24,D0,D0 Abnormally dry,22.0761527
2019-10-01,D0,D0 Abnormally dry,19.02960782
2019-10-08,D0,D0 Abnormally dry,18.65299451
2019-10-15,D0,D0 Abnormally dry,27.6607382
2019-10-22,D0,D0 Abnormally dry,25.38094815
2019-10-29,D0,D0 Abnormally dry,25.38748889
2019-11-05,D0,D0 Abnormally dry,25.38983128
2019-11-12,D0,D0 Abnormally dry,37.36041386
2019-11-19,D0,D0 Abnormally dry,36.59140151
2019-11-26,D0,D0 Abnormally dry,42.20526653
2019-12-03,D0,D0 Abnormally dry,44.1731413
2019-12-10,D0,D0 Abnormally dry,16.49915125
2019-12-17,D0,D0 Abnormally dry,14.51981104
2019-12-24,D0,D0 Abnormally dry,14.51981104
2019-12-31,D0,D0 Abnormally dry,11.33226602
2020-01-07,D0,D0 Abnormally dry,11.80377572
2020-01-14,D0,D0 Abnormally dry,12.48774892
2020-01-21,D0,D0 Abnormally dry,16.19874143
2020-01-28,D0,D0 Abnormally dry,22.67337337
2020-02-04,D0,D0 Abnormally dry,22.66466131
2020-02-11,D0,D0 Abnormally dry,29.76521819
2020-02-18,D0,D0 Abnormally dry,32.51192791
2020-02-25,D0,D0 Abnormally dry,32.09831346
2020-03-03,D0,D0 Abnormally dry,29.45084522
2020-03-10,D0,D0 Abnormally dry,25.75526925
2020-03-17,D0,D0 Abnormally dry,27.44892387
2020-03-24,D0,D0 Abnormally dry,30.06391118
2020-03-31,D0,D0 Abnormally dry,23.46537944
2020-04-07,D0,D0 Abnormally dry,21.03393643
2020-04-14,D0,D0 Abnormally dry,20.3333646
2020-04-21,D0,D0 Abnormally dry,19.78038382
2020-04-28,D0,D0 Abnormally dry,20.07223532
2020-05-05,D0,D0 Abnormally dry,17.54303258
2020-05-12,D0,D0 Abnormally dry,16.71482198
2020-05-19,D0,D0 Abnormally dry,14.64352358
2020-05-26,D0,D0 Abnormally dry,14.64526347
2020-06-02,D0,D0 Abnormally dry,13.81105339
2020-06-09,D0,D0 Abnormally dry,16.63301785
2020-06-16,D0,D0 Abnormally dry,16.7751139
2020-06-23,D0,D0 Abnormally dry,16.74177115
2020-06-30,D0,D0 Abnormally dry,17.17860198
2020-07-07,D0,D0 Abnormally dry,18.95917539
2020-07-14,D0,D0 Abnormally dry,20.25027184
2020-07-21,D0,D0 Abnormally dry,18.9102177
2020-07-28,D0,D0 Abnormally dry,13.60578619
2020-08-04,D0,D0 Abnormally dry,10.23448472
2020-08-11,D0,D0 Abnormally dry,8.525318257
2020-08-18,D0,D0 Abnormally dry,9.301889937
2020-08-25,D0,D0 Abnormally dry,8.234732442
2020-09-01,D0,D0 Abnormally dry,8.186024272
2020-09-08,D0,D0 Abnormally dry,7.256122778
2020-09-15,D0,D0 Abnormally dry,4.80842706
2020-09-22,D0,D0 Abnormally dry,4.81168421
2020-09-29,D0,D0 Abnormally dry,4.532380552
2020-10-06,D0,D0 Abnormally dry,4.212083459
2020-10-13,D0,D0 Abnormally dry,4.097377046
2020-10-20,D0,D0 Abnormally dry,4.097377046
2020-10-27,D0,D0 Abnormally dry,4.097377046
2020-11-03,D0,D0 Abnormally dry,4.082117715
2020-11-10,D0,D0 Abnormally dry,3.292732837
2020-11-17,D0,D0 Abnormally dry,3.256459623
2020-11-24,D0,D0 Abnormally dry,5.130370315
2020-12-01,D0,D0 Abnormally dry,5.139739868
2020-12-08,D0,D0 Abnormally dry,1.177258149
2020-12-15,D0,D0 Abnormally dry,1.182477813
2020-12-22,D0,D0 Abnormally dry,1.182477813
2020-12-29,D0,D0 Abnormally dry,1.182477813
2021-01-05,D0,D0 Abnormally dry,1.177190536
2021-01-12,D0,D0 Abnormally dry,1.177190536
2021-01-19,D0,D0 Abnormally dry,1.177190536
2021-01-26,D0,D0 Abnormally dry,1.177190536
2021-02-02,D0,D0 Abnormally dry,3.464808368
2021-02-09,D0,D0 Abnormally dry,3.516408524
2021-02-16,D0,D0 Abnormally dry,3.551544349
2021-02-23,D0,D0 Abnormally dry,3.764547105
2021-03-02,D0,D0 Abnormally dry,2.347402145
2021-03-09,D0,D0 Abnormally dry,2.347402145
2021-03-16,D0,D0 Abnormally dry,2.855462239
2021-03-23,D0,D0 Abnormally dry,3.324388456
2021-03-30,D0,D0 Abnormally dry,3.35416716
2021-04-06,D0,D0 Abnormally dry,2.888031876
2021-04-13,D0,D0 Abnormally dry,2.536586348
2021-04-20,D0,D0 Abnormally dry,2.412182537
2021-04-27,D0,D0 Abnormally dry,2.184970866
2021-05-04,D0,D0 Abnormally dry,2.572885275
2021-05-11,D0,D0 Abnormally dry,1.911538354
2021-05-18,D0,D0 Abnormally dry,3.926196772
2021-05-25,D0,D0 Abnormally dry,3.225308441
2021-06-01,D0,D0 Abnormally dry,1.156831912
2021-06-08,D0,D0 Abnormally dry,1.497300519
2021-06-15,D0,D0 Abnormally dry,1.643451129
2021-06-22,D0,D0 Abnormally dry,1.608089543
2021-06-29,D0,D0 Abnormally dry,1.813408973
2021-07-06,D0,D0 Abnormally dry,2.190168165
2021-07-13,D0,D0 Abnormally dry,2.153203289
2021-07-20,D0,D0 Abnormally dry,2.473843437
2021-07-27,D0,D0 Abnormally dry,2.85343785
2021-08-03,D0,D0 Abnormally dry,2.801411715
2021-08-10,D0,D0 Abnormally dry,3.306923865
2021-08-17,D0,D0 Abnormally dry,3.985706358
2021-08-24,D0,D0 Abnormally dry,4.573343092
2021-08-31,D0,D0 Abnormally dry,4.561163875
2021-09-07,D0,D0 Abnormally dry,6.387259851
2021-09-14,D0,D0 Abnormally dry,8.426190419
2021-09-21,D0,D0 Abnormally dry,10.12133427
2021-09-28,D0,D0 Abnormally dry,10.99358864
2021-10-05,D0,D0 Abnormally dry,10.97433173
2021-10-12,D0,D0 Abnormally dry,10.98102284
2021-10-19,D0,D0 Abnormally dry,11.2144056
2021-10-26,D0,D0 Abnormally dry,10.47140479
2021-11-02,D0,D0 Abnormally dry,10.35666257
2021-11-09,D0,D0 Abnormally dry,10.01812283
2021-11-16,D0,D0 Abnormally dry,9.70551733
2021-11-23,D0,D0 Abnormally dry,7.520892825
2021-11-30,D0,D0 Abnormally dry,5.450011161
2021-12-07,D0,D0 Abnormally dry,4.354927065
2021-12-14,D0,D0 Abnormally dry,4.309657117
2021-12-21,D0,D0 Abnormally dry,4.151989989
2021-12-28,D0,D0 Abnormally dry,6.75899579
2022-01-04,D0,D0 Abnormally dry,8.432709927
2022-01-11,D0,D0 Abnormally dry,9.47250689
2022-01-18,D0,D0 Abnormally dry,9.47250689
2022-01-25,D0,D0 Abnormally dry,9.47250689
2022-02-01,D0,D0 Abnormally dry,9.494849836
2022-02-08,D0,D0 Abnormally dry,9.505289166
2022-02-15,D0,D0 Abnormally dry,9.096678071
2022-02-22,D0,D0 Abnormally dry,8.995955372
2022-03-01,D0,D0 Abnormally dry,5.782731935
2022-03-08,D0,D0 Abnormally dry,5.464332392
2022-03-15,D0,D0 Abnormally dry,5.464332392
2022-03-22,D0,D0 Abnormally dry,6.757481963
2022-03-29,D0,D0 Abnormally dry,6.759722568
2022-04-05,D0,D0 Abnormally dry,4.954054731
2022-04-12,D0,D0 Abnormally dry,4.946607082
2022-04-19,D0,D0 Abnormally dry,4.368669534
2022-04-26,D0,D0 Abnormally dry,2.13489338
2022-05-03,D0,D0 Abnormally dry,1.775916707
2022-05-10,D0,D0 Abnormally dry,1.731254597
2022-05-17,D0,D0 Abnormally dry,1.383630341
2022-05-24,D0,D0 Abnormally dry,1.939224942
2022-05-31,D0,D0 Abnormally dry,2.109031335
2022-06-07,D0,D0 Abnormally dry,2.585040582
2022-06-14,D0,D0 Abnormally dry,2.853155939
2022-06-21,D0,D0 Abnormally dry,2.882946534
2022-06-28,D0,D0 Abnormally dry,2.458746076
2022-07-05,D0,D0 Abnormally dry,2.89259817
2022-07-12,D0,D0 Abnormally dry,2.89259817
2022-07-19,D0,D0 Abnormally dry,2.668732725
2022-07-26,D0,D0 Abnormally dry,3.968528987
2022-08-02,D0,D0 Abnormally dry,7.503370509
2022-08-09,D0,D0 Abnormally dry,7.785722743
2022-08-16,D0,D0 Abnormally dry,8.917784608
2022-08-23,D0,D0 Abnormally dry,10.8594377
2022-08-30,D0,D0 Abnormally dry,13.4462824
2022-09-06,D0,D0 Abnormally dry,13.06720339
2022-09-13,D0,D0 Abnormally dry,13.81056995
2022-09-20,D0,D0 Abnormally dry,14.44064971
2022-09-27,D0,D0 Abnormally dry,16.7745879
2022-10-04,D0,D0 Abnormally dry,15.25892463
2022-10-11,D0,D0 Abnormally dry,19.93776814
2022-10-18,D0,D0 Abnormally dry,21.79302386
2022-10-25,D0,D0 Abnormally dry,22.24572088
2022-11-01,D0,D0 Abnormally dry,23.12532749
2022-11-08,D0,D0 Abnormally dry,23.12962745
2022-11-15,D0,D0 Abnormally dry,22.89088221
2022-11-22,D0,D0 Abnormally dry,22.84690953
2022-11-29,D0,D0 Abnormally dry,23.16966522
2022-12-06,D0,D0 Abnormally dry,22.78001883
2022-12-13,D0,D0 Abnormally dry,23.45707861
2022-12-20,D0,D0 Abnormally dry,23.45860099
2022-12-27,D0,D0 Abnormally dry,23.97695735
2023-01-03,D0,D0 Abnormally dry,21.5976094
2023-01-10,D0,D0 Abnormally dry,20.34268663
2023-01-17,D0,D0 Abnormally dry,19.60115092
2023-01-24,D0,D0 Abnormally dry,17.77440467
2023-01-31,D0,D0 Abnormally dry,17.40284632
2023-02-07,D0,D0 Abnormally dry,20.90495119
2023-02-14,D0,D0 Abnormally dry,17.04259748
2023-02-21,D0,D0 Abnormally dry,16.37929161
2023-02-28,D0,D0 Abnormally dry,22.36968678
2023-03-07,D0,D0 Abnormally dry,22.84645586
2023-03-14,D0,D0 Abnormally dry,20.05307901
2023-03-21,D0,D0 Abnormally dry,18.35132179
2023-03-28,D0,D0 Abnormally dry,21.82986509
2023-04-04,D0,D0 Abnormally dry,25.91667471
2023-04-11,D0,D0 Abnormally dry,25.03479613
2023-04-18,D0,D0 Abnormally dry,26.80566508
2023-04-25,D0,D0 Abnormally dry,26.11386914
2023-05-02,D0,D0 Abnormally dry,28.26948168
2023-05-09,D0,D0 Abnormally dry,29.1250328
2023-05-16,D0,D0 Abnormally dry,29.66162334
2023-05-23,D0,D0 Abnormally dry,27.40801745
2023-05-30,D0,D0 Abnormally dry,27.57776496
2023-06-06,D0,D0 Abnormally dry,25.61104692
2023-06-13,D0,D0 Abnormally dry,20.96406103
2023-06-20,D0,D0 Abnormally dry,19.13097506
2023-06-27,D0,D0 Abnormally dry,19.69333484
2023-07-04,D0,D0 Abnormally dry,19.31901209
2023-07-11,D0,D0 Abnormally dry,15.77927428
2023-07-18,D0,D0 Abnormally dry,25.48638036
2023-07-25,D0,D0 Abnormally dry,32.40600777
2023-08-01,D0,D0 Abnormally dry,31.4207673
2023-08-08,D0,D0 Abnormally dry,27.54333698
2023-08-15,D0,D0 Abnormally dry,26.02493176
2023-08-22,D0,D0 Abnormally dry,17.65687269
2023-08-29,D0,D0 Abnormally dry,17.39229876
2023-09-05,D0,D0 Abnormally dry,14.45467446
2023-09-12,D0,D0 Abnormally dry,14.4538216
2023-09-19,D0,D0 Abnormally dry,13.92796425
2023-09-26,D0,D0 Abnormally dry,14.55906405
2023-10-03,D0,D0 Abnormally dry,14.463165
2023-10-10,D0,D0 Abnormally dry,14.43441676
2023-10-17,D0,D0 Abnormally dry,14.2773319
2023-10-24,D0,D0 Abnormally dry,14.07527969
2023-10-31,D0,D0 Abnormally dry,13.90400904
2023-11-07,D0,D0 Abnormally dry,13.00065018
2023-11-14,D0,D0 Abnormally dry,13.70959169
2023-11-21,D0,D0 Abnormally dry,14.40222303
2023-11-28,D0,D0 Abnormally dry,15.84880679
2023-12-05,D0,D0 Abnormally dry,15.83688158
2023-12-12,D0,D0 Abnormally dry,15.34384723
2023-12-19,D0,D0 Abnormally dry,16.26264832
2023-12-26,D0,D0 Abnormally dry,16.2286853
2000-01-04,D1,D1 Moderate drought,0.281861891
2000-01-11,D1,D1 Moderate drought,0.271422561
2000-01-18,D1,D1 Moderate drought,0.271422561
2000-01-25,D1,D1 Moderate drought,0.271422561
2000-02-01,D1,D1 Moderate drought,1.593224267
2000-02-08,D1,D1 Moderate drought,1.593224267
2000-02-15,D1,D1 Moderate drought,11.22629931
2000-02-22,D1,D1 Moderate drought,11.22629931
2000-02-29,D1,D1 Moderate drought,13.13138503
2000-03-07,D1,D1 Moderate drought,12.39206533
2000-03-14,D1,D1 Moderate drought,8.861026017
2000-03-21,D1,D1 Moderate drought,7.683121696
2000-03-28,D1,D1 Moderate drought,6.152673009
2000-04-04,D1,D1 Moderate drought,6.131463086
2000-04-11,D1,D1 Moderate drought,6.462367673
2000-04-18,D1,D1 Moderate drought,5.535119155
2000-04-25,D1,D1 Moderate drought,5.535119155
2000-05-02,D1,D1 Moderate drought,7.425279822
2000-05-09,D1,D1 Moderate drought,7.925929901
2000-05-16,D1,D1 Moderate drought,9.343067349
2000-05-23,D1,D1 Moderate drought,9.35176679
2000-05-30,D1,D1 Moderate drought,8.937123482
2000-06-06,D1,D1 Moderate drought,10.13285354
2000-06-13,D1,D1 Moderate drought,10.59067014
2000-06-20,D1,D1 Moderate drought,11.107506
2000-06-27,D1,D1 Moderate drought,11.96767666
2000-07-04,D1,D1 Moderate drought,5.375979755
2000-07-11,D1,D1 Moderate drought,11.22774853
2000-07-18,D1,D1 Moderate drought,7.602135974
2000-07-25,D1,D1 Moderate drought,8.582913951
2000-08-01,D1,D1 Moderate drought,10.58052414
2000-08-08,D1,D1 Moderate drought,13.770636
2000-08-15,D1,D1 Moderate drought,20.18518305
2000-08-22,D1,D1 Moderate drought,21.22131181
2000-08-29,D1,D1 Moderate drought,22.30234899
2000-09-05,D1,D1 Moderate drought,17.52281698
2000-09-12,D1,D1 Moderate drought,17.47716751
2000-09-19,D1,D1 Moderate drought,14.71475099
2000-09-26,D1,D1 Moderate drought,16.86410012
2000-10-03,D1,D1 Moderate drought,22.71046918
2000-10-10,D1,D1 Moderate drought,20.94178745
2000-10-17,D1,D1 Moderate drought,14.67878015
2000-10-24,D1,D1 Moderate drought,16.89154939
2000-10-31,D1,D1 Moderate drought,8.534418664
2000-11-07,D1,D1 Moderate drought,1.221401527
2000-11-14,D1,D1 Moderate drought,1.221401527
2000-11-21,D1,D1 Moderate drought,1.09090991
2000-11-28,D1,D1 Moderate drought,1.09090991
2000-12-05,D1,D1 Moderate drought,1.09090991
2000-12-12,D1,D1 Moderate drought,1.09090991
2000-12-19,D1,D1 Moderate drought,1.204002644
2000-12-26,D1,D1 Moderate drought,1.07177114
2001-01-02,D1,D1 Moderate drought,1.07177114
2001-01-09,D1,D1 Moderate drought,1.07177114
2001-01-16,D1,D1 Moderate drought,1.07177114
2001-01-23,D1,D1 Moderate drought,1.07177114
2001-01-30,D1,D1 Moderate drought,0
2001-02-06,D1,D1 Moderate drought,0
2001-02-13,D1,D1 Moderate drought,0.929965342
2001-02-20,D1,D1 Moderate drought,0.833105355
2001-02-27,D1,D1 Moderate drought,1.075485606
2001-03-06,D1,D1 Moderate drought,1.197255144
2001-03-13,D1,D1 Moderate drought,1.197255144
2001-03-20,D1,D1 Moderate drought,1.827597812
2001-03-27,D1,D1 Moderate drought,1.827597812
2001-04-03,D1,D1 Moderate drought,4.375790856
2001-04-10,D1,D1 Moderate drought,7.596078447
2001-04-17,D1,D1 Moderate drought,7.970860586
2001-04-24,D1,D1 Moderate drought,7.970860586
2001-05-01,D1,D1 Moderate drought,7.991739244
2001-05-08,D1,D1 Moderate drought,7.991739244
2001-05-15,D1,D1 Moderate drought,8.686619631
2001-05-22,D1,D1 Moderate drought,8.686619631
2001-05-29,D1,D1 Moderate drought,7.425907049
2001-06-05,D1,D1 Moderate drought,11.74420037
2001-06-12,D1,D1 Moderate drought,14.02145596
2001-06-19,D1,D1 Moderate drought,9.661960497
2001-06-26,D1,D1 Moderate drought,7.12049465
2001-07-03,D1,D1 Moderate drought,4.861564883
2001-07-10,D1,D1 Moderate drought,7.299371056
2001-07-17,D1,D1 Moderate drought,7.045375509
2001-07-24,D1,D1 Moderate drought,7.360295276
2001-07-31,D1,D1 Moderate drought,7.485567227
2001-08-07,D1,D1 Moderate drought,7.362035164
2001-08-14,D1,D1 Moderate drought,7.201965448
2001-08-21,D1,D1 Moderate drought,7.727077291
2001-08-28,D1,D1 Moderate drought,7.62528938
2001-09-04,D1,D1 Moderate drought,7.60615061
2001-09-11,D1,D1 Moderate drought,13.93710756
2001-09-18,D1,D1 Moderate drought,14.23462844
2001-09-25,D1,D1 Moderate drought,14.23462844
2001-10-02,D1,D1 Moderate drought,14.23931322
2001-10-09,D1,D1 Moderate drought,14.23462844
2001-10-16,D1,D1 Moderate drought,13.84663337
2001-10-23,D1,D1 Moderate drought,14.65220161
2001-10-30,D1,D1 Moderate drought,17.57199407
2001-11-06,D1,D1 Moderate drought,18.80639955
2001-11-13,D1,D1 Moderate drought,18.47485516
2001-11-20,D1,D1 Moderate drought,19.13056107
2001-11-27,D1,D1 Moderate drought,15.95692391
2001-12-04,D1,D1 Moderate drought,16.78150315
2001-12-11,D1,D1 Moderate drought,17.59119609
2001-12-18,D1,D1 Moderate drought,18.76735653
2001-12-25,D1,D1 Moderate drought,18.12608666
2002-01-01,D1,D1 Moderate drought,17.46089451
2002-01-08,D1,D1 Moderate drought,17.78773395
2002-01-15,D1,D1 Moderate drought,17.79082221
2002-01-22,D1,D1 Moderate drought,17.84046411
2002-01-29,D1,D1 Moderate drought,18.70614619
2002-02-05,D1,D1 Moderate drought,23.24419649
2002-02-12,D1,D1 Moderate drought,32.84820369
2002-02-19,D1,D1 Moderate drought,38.62582309
2002-02-26,D1,D1 Moderate drought,39.06135036
2002-03-05,D1,D1 Moderate drought,39.13957567
2002-03-12,D1,D1 Moderate drought,56.66080901
2002-03-19,D1,D1 Moderate drought,53.65704291
2002-03-26,D1,D1 Moderate drought,40.59471757
2002-04-02,D1,D1 Moderate drought,29.56140477
2002-04-09,D1,D1 Moderate drought,26.56161723
2002-04-16,D1,D1 Moderate drought,22.55401818
2002-04-23,D1,D1 Moderate drought,16.12943729
2002-04-30,D1,D1 Moderate drought,12.47197024
2002-05-07,D1,D1 Moderate drought,12.61310809
2002-05-14,D1,D1 Moderate drought,12.12784275
2002-05-21,D1,D1 Moderate drought,12.23959954
2002-05-28,D1,D1 Moderate drought,13.11884541
2002-06-04,D1,D1 Moderate drought,16.85005735
2002-06-11,D1,D1 Moderate drought,15.19044737
2002-06-18,D1,D1 Moderate drought,17.11364225
2002-06-25,D1,D1 Moderate drought,16.25299946
2002-07-02,D1,D1 Moderate drought,16.28946842
2002-07-09,D1,D1 Moderate drought,18.01684027
2002-07-16,D1,D1 Moderate drought,18.07207895
2002-07-23,D1,D1 Moderate drought,18.81702591
2002-07-30,D1,D1 Moderate drought,18.59070629
2002-08-06,D1,D1 Moderate drought,21.37317554
2002-08-13,D1,D1 Moderate drought,21.2823381
2002-08-20,D1,D1 Moderate drought,20.53931326
2002-08-27,D1,D1 Moderate drought,16.63172761
2002-09-03,D1,D1 Moderate drought,16.65595655
2002-09-10,D1,D1 Moderate drought,16.17672263
2002-09-17,D1,D1 Moderate drought,18.75486951
2002-09-24,D1,D1 Moderate drought,20.10753213
2002-10-01,D1,D1 Moderate drought,21.55789053
2002-10-08,D1,D1 Moderate drought,31.09546107
2002-10-15,D1,D1 Moderate drought,31.27199275
2002-10-22,D1,D1 Moderate drought,31.35285803
2002-10-29,D1,D1 Moderate drought,32.14109198
2002-11-05,D1,D1 Moderate drought,26.85717819
2002-11-12,D1,D1 Moderate drought,26.15347445
2002-11-19,D1,D1 Moderate drought,26.51341441
2002-11-26,D1,D1 Moderate drought,26.67754624
2002-12-03,D1,D1 Moderate drought,26.26705249
2002-12-10,D1,D1 Moderate drought,17.1290972
2002-12-17,D1,D1 Moderate drought,14.14649073
2002-12-24,D1,D1 Moderate drought,13.70660999
2002-12-31,D1,D1 Moderate drought,13.67378965
2003-01-07,D1,D1 Moderate drought,14.32627814
2003-01-14,D1,D1 Moderate drought,12.97095238
2003-01-21,D1,D1 Moderate drought,13.39133015
2003-01-28,D1,D1 Moderate drought,12.70486081
2003-02-04,D1,D1 Moderate drought,13.29763888
2003-02-11,D1,D1 Moderate drought,12.93867481
2003-02-18,D1,D1 Moderate drought,13.85026332
2003-02-25,D1,D1 Moderate drought,14.48556421
2003-03-04,D1,D1 Moderate drought,16.31458916
2003-03-11,D1,D1 Moderate drought,17.24181796
2003-03-18,D1,D1 Moderate drought,19.68294934
2003-03-25,D1,D1 Moderate drought,20.84415629
2003-04-01,D1,D1 Moderate drought,21.47299182
2003-04-08,D1,D1 Moderate drought,22.09269971
2003-04-15,D1,D1 Moderate drought,21.91247102
2003-04-22,D1,D1 Moderate drought,22.93023649
2003-04-29,D1,D1 Moderate drought,23.28245884
2003-05-06,D1,D1 Moderate drought,25.28116543
2003-05-13,D1,D1 Moderate drought,23.78375629
2003-05-20,D1,D1 Moderate drought,13.85413708
2003-05-27,D1,D1 Moderate drought,13.99701017
2003-06-03,D1,D1 Moderate drought,15.55130962
2003-06-10,D1,D1 Moderate drought,14.67564571
2003-06-17,D1,D1 Moderate drought,15.0689324
2003-06-24,D1,D1 Moderate drought,14.41029251
2003-07-01,D1,D1 Moderate drought,11.97368402
2003-07-08,D1,D1 Moderate drought,11.86127577
2003-07-15,D1,D1 Moderate drought,12.48298062
2003-07-22,D1,D1 Moderate drought,13.55366609
2003-07-29,D1,D1 Moderate drought,16.83828105
2003-08-05,D1,D1 Moderate drought,17.12544554
2003-08-12,D1,D1 Moderate drought,15.55839893
2003-08-19,D1,D1 Moderate drought,14.27256089
2003-08-26,D1,D1 Moderate drought,12.67058049
2003-09-02,D1,D1 Moderate drought,14.32092783
2003-09-09,D1,D1 Moderate drought,13.02860364
2003-09-16,D1,D1 Moderate drought,12.21228814
2003-09-23,D1,D1 Moderate drought,12.24643332
2003-09-30,D1,D1 Moderate drought,12.0687596
2003-10-07,D1,D1 Moderate drought,11.48272834
2003-10-14,D1,D1 Moderate drought,11.39704738
2003-10-21,D1,D1 Moderate drought,12.05089135
2003-10-28,D1,D1 Moderate drought,15.59880838
2003-11-04,D1,D1 Moderate drought,14.33855344
2003-11-11,D1,D1 Moderate drought,14.558761
2003-11-18,D1,D1 Moderate drought,14.76478184
2003-11-25,D1,D1 Moderate drought,14.64224154
2003-12-02,D1,D1 Moderate drought,14.94915245
2003-12-09,D1,D1 Moderate drought,14.62431408
2003-12-16,D1,D1 Moderate drought,14.0766349
2003-12-23,D1,D1 Moderate drought,13.71533886
2003-12-30,D1,D1 Moderate drought,8.780485334
2004-01-06,D1,D1 Moderate drought,10.98396674
2004-01-13,D1,D1 Moderate drought,10.72968064
2004-01-20,D1,D1 Moderate drought,11.32203506
2004-01-27,D1,D1 Moderate drought,9.599840893
2004-02-03,D1,D1 Moderate drought,8.996958995
2004-02-10,D1,D1 Moderate drought,8.990117538
2004-02-17,D1,D1 Moderate drought,9.581460854
2004-02-24,D1,D1 Moderate drought,9.581460854
2004-03-02,D1,D1 Moderate drought,13.42614582
2004-03-09,D1,D1 Moderate drought,13.49358883
2004-03-16,D1,D1 Moderate drought,13.57884335
2004-03-23,D1,D1 Moderate drought,15.98741298
2004-03-30,D1,D1 Moderate drought,15.18115894
2004-04-06,D1,D1 Moderate drought,17.92619641
2004-04-13,D1,D1 Moderate drought,20.34931362
2004-04-20,D1,D1 Moderate drought,20.34931362
2004-04-27,D1,D1 Moderate drought,21.31549385
2004-05-04,D1,D1 Moderate drought,26.39700325
2004-05-11,D1,D1 Moderate drought,26.39700325
2004-05-18,D1,D1 Moderate drought,26.39700325
2004-05-25,D1,D1 Moderate drought,25.34317773
2004-06-01,D1,D1 Moderate drought,26.22624089
2004-06-08,D1,D1 Moderate drought,25.88129992
2004-06-15,D1,D1 Moderate drought,26.1959567
2004-06-22,D1,D1 Moderate drought,28.74654449
2004-06-29,D1,D1 Moderate drought,27.56913355
2004-07-06,D1,D1 Moderate drought,27.41539988
2004-07-13,D1,D1 Moderate drought,24.55289458
2004-07-20,D1,D1 Moderate drought,24.02586518
2004-07-27,D1,D1 Moderate drought,22.83112866
2004-08-03,D1,D1 Moderate drought,22.91013272
2004-08-10,D1,D1 Moderate drought,22.82543143
2004-08-17,D1,D1 Moderate drought,23.12040367
2004-08-24,D1,D1 Moderate drought,22.46137935
2004-08-31,D1,D1 Moderate drought,21.95835066
2004-09-07,D1,D1 Moderate drought,22.18624872
2004-09-14,D1,D1 Moderate drought,22.4988009
2004-09-21,D1,D1 Moderate drought,22.25451801
2004-09-28,D1,D1 Moderate drought,21.9712928
2004-10-05,D1,D1 Moderate drought,21.8908582
2004-10-12,D1,D1 Moderate drought,22.65170268
2004-10-19,D1,D1 Moderate drought,21.91887022
2004-10-26,D1,D1 Moderate drought,24.41617239
2004-11-02,D1,D1 Moderate drought,22.40947951
2004-11-09,D1,D1 Moderate drought,26.77237094
2004-11-16,D1,D1 Moderate drought,28.04885125
2004-11-23,D1,D1 Moderate drought,27.6976751
2004-11-30,D1,D1 Moderate drought,26.82372762
2004-12-07,D1,D1 Moderate drought,27.64747074
2004-12-14,D1,D1 Moderate drought,28.06858266
2004-12-21,D1,D1 Moderate drought,28.07641923
2004-12-28,D1,D1 Moderate drought,28.86695304
2005-01-04,D1,D1 Moderate drought,27.25197934
2005-01-11,D1,D1 Moderate drought,28.1881328
2005-01-18,D1,D1 Moderate drought,27.71361612
2005-01-25,D1,D1 Moderate drought,27.71361612
2005-02-01,D1,D1 Moderate drought,26.92985313
2005-02-08,D1,D1 Moderate drought,28.03219058
2005-02-15,D1,D1 Moderate drought,23.62321551
2005-02-22,D1,D1 Moderate drought,23.75348891
2005-03-01,D1,D1 Moderate drought,21.70579728
2005-03-08,D1,D1 Moderate drought,21.72453639
2005-03-15,D1,D1 Moderate drought,22.35745814
2005-03-22,D1,D1 Moderate drought,22.35745814
2005-03-29,D1,D1 Moderate drought,20.78461653
2005-04-05,D1,D1 Moderate drought,20.19179894
2005-04-12,D1,D1 Moderate drought,15.62851752
2005-04-19,D1,D1 Moderate drought,13.58061479
2005-04-26,D1,D1 Moderate drought,11.98343516
2005-05-03,D1,D1 Moderate drought,9.925004021
2005-05-10,D1,D1 Moderate drought,7.594866564
2005-05-17,D1,D1 Moderate drought,6.573393591
2005-05-24,D1,D1 Moderate drought,6.508243298
2005-05-31,D1,D1 Moderate drought,6.508243298
2005-06-07,D1,D1 Moderate drought,8.145835959
2005-06-14,D1,D1 Moderate drought,8.127613496
2005-06-21,D1,D1 Moderate drought,8.127613496
2005-06-28,D1,D1 Moderate drought,7.862477198
2005-07-05,D1,D1 Moderate drought,7.607767609
2005-07-12,D1,D1 Moderate drought,7.607767609
2005-07-19,D1,D1 Moderate drought,7.607767609
2005-07-26,D1,D1 Moderate drought,9.222485183
2005-08-02,D1,D1 Moderate drought,11.80872162
2005-08-09,D1,D1 Moderate drought,10.74206712
2005-08-16,D1,D1 Moderate drought,9.299310999
2005-08-23,D1,D1 Moderate drought,6.893524837
2005-08-30,D1,D1 Moderate drought,6.893524837
2005-09-06,D1,D1 Moderate drought,6.893524837
2005-09-13,D1,D1 Moderate drought,6.893524837
2005-09-20,D1,D1 Moderate drought,6.870182217
2005-09-27,D1,D1 Moderate drought,6.810414588
2005-10-04,D1,D1 Moderate drought,6.328233482
2005-10-11,D1,D1 Moderate drought,5.980227349
2005-10-18,D1,D1 Moderate drought,5.736316743
2005-10-25,D1,D1 Moderate drought,5.736316743
2005-11-01,D1,D1 Moderate drought,5.736316743
2005-11-08,D1,D1 Moderate drought,5.736316743
2005-11-15,D1,D1 Moderate drought,5.736316743
2005-11-22,D1,D1 Moderate drought,5.736316743
2005-11-29,D1,D1 Moderate drought,6.63583895
2005-12-06,D1,D1 Moderate drought,6.620179956
2005-12-13,D1,D1 Moderate drought,8.11865056
2005-12-20,D1,D1 Moderate drought,8.357015245
2005-12-27,D1,D1 Moderate drought,8.357015245
2006-01-03,D1,D1 Moderate drought,11.4598563
2006-01-10,D1,D1 Moderate drought,14.25075315
2006-01-17,D1,D1 Moderate drought,20.25068033
2006-01-24,D1,D1 Moderate drought,15.89412588
2006-01-31,D1,D1 Moderate drought,19.36349874
2006-02-07,D1,D1 Moderate drought,18.44996135
2006-02-14,D1,D1 Moderate drought,18.38109166
2006-02-21,D1,D1 Moderate drought,15.55876413
2006-02-28,D1,D1 Moderate drought,16.23808562
2006-03-07,D1,D1 Moderate drought,11.6990506
2006-03-14,D1,D1 Moderate drought,10.82136718
2006-03-21,D1,D1 Moderate drought,11.03135904
2006-03-28,D1,D1 Moderate drought,11.7204497
2006-04-04,D1,D1 Moderate drought,14.48961789
2006-04-11,D1,D1 Moderate drought,12.88042323
2006-04-18,D1,D1 Moderate drought,11.50895345
2006-04-25,D1,D1 Moderate drought,11.04489847
2006-05-02,D1,D1 Moderate drought,10.45708529
2006-05-09,D1,D1 Moderate drought,9.580952152
2006-05-16,D1,D1 Moderate drought,9.191575687
2006-05-23,D1,D1 Moderate drought,9.532887937
2006-05-30,D1,D1 Moderate drought,8.57383644
2006-06-06,D1,D1 Moderate drought,6.046847953
2006-06-13,D1,D1 Moderate drought,6.647693028
2006-06-20,D1,D1 Moderate drought,6.647693028
2006-06-27,D1,D1 Moderate drought,9.394473483
2006-07-04,D1,D1 Moderate drought,10.11011735
2006-07-11,D1,D1 Moderate drought,20.2947583
2006-07-18,D1,D1 Moderate drought,17.84076355
2006-07-25,D1,D1 Moderate drought,17.8248542
2006-08-01,D1,D1 Moderate drought,22.97014365
2006-08-08,D1,D1 Moderate drought,20.73860401
2006-08-15,D1,D1 Moderate drought,22.4727175
2006-08-22,D1,D1 Moderate drought,21.73695991
2006-08-29,D1,D1 Moderate drought,19.83972257
2006-09-05,D1,D1 Moderate drought,19.09853786
2006-09-12,D1,D1 Moderate drought,18.87223711
2006-09-19,D1,D1 Moderate drought,18.40228375
2006-09-26,D1,D1 Moderate drought,13.82112022
2006-10-03,D1,D1 Moderate drought,13.82112022
2006-10-10,D1,D1 Moderate drought,12.21596367
2006-10-17,D1,D1 Moderate drought,12.21596367
2006-10-24,D1,D1 Moderate drought,12.21596367
2006-10-31,D1,D1 Moderate drought,11.55527519
2006-11-07,D1,D1 Moderate drought,10.99819105
2006-11-14,D1,D1 Moderate drought,10.99819105
2006-11-21,D1,D1 Moderate drought,10.99819105
2006-11-28,D1,D1 Moderate drought,11.1294899
2006-12-05,D1,D1 Moderate drought,11.58311656
2006-12-12,D1,D1 Moderate drought,12.59400048
2006-12-19,D1,D1 Moderate drought,15.20720137
2006-12-26,D1,D1 Moderate drought,15.04037404
2007-01-02,D1,D1 Moderate drought,18.77273357
2007-01-09,D1,D1 Moderate drought,16.31982912
2007-01-16,D1,D1 Moderate drought,16.31982912
2007-01-23,D1,D1 Moderate drought,18.71318742
2007-01-30,D1,D1 Moderate drought,20.98399691
2007-02-06,D1,D1 Moderate drought,18.0021018
2007-02-13,D1,D1 Moderate drought,17.85396331
2007-02-20,D1,D1 Moderate drought,19.69493452
2007-02-27,D1,D1 Moderate drought,17.14177668
2007-03-06,D1,D1 Moderate drought,18.0930805
2007-03-13,D1,D1 Moderate drought,17.94476874
2007-03-20,D1,D1 Moderate drought,18.27558408
2007-03-27,D1,D1 Moderate drought,38.70466178
2007-04-03,D1,D1 Moderate drought,39.13351169
2007-04-10,D1,D1 Moderate drought,41.84865099
2007-04-17,D1,D1 Moderate drought,36.28113423
2007-04-24,D1,D1 Moderate drought,34.99025113
2007-05-01,D1,D1 Moderate drought,34.53103274
2007-05-08,D1,D1 Moderate drought,34.52954321
2007-05-15,D1,D1 Moderate drought,33.2866208
2007-05-22,D1,D1 Moderate drought,33.02486759
2007-05-29,D1,D1 Moderate drought,32.86222794
2007-06-05,D1,D1 Moderate drought,32.86222794
2007-06-12,D1,D1 Moderate drought,32.86073841
2007-06-19,D1,D1 Moderate drought,28.87194542
2007-06-26,D1,D1 Moderate drought,28.87194542
2007-07-03,D1,D1 Moderate drought,29.74691667
2007-07-10,D1,D1 Moderate drought,24.96043034
2007-07-17,D1,D1 Moderate drought,24.96043034
2007-07-24,D1,D1 Moderate drought,13.22568339
2007-07-31,D1,D1 Moderate drought,11.49962093
2007-08-07,D1,D1 Moderate drought,16.6552312
2007-08-14,D1,D1 Moderate drought,15.90610365
2007-08-21,D1,D1 Moderate drought,11.14504638
2007-08-28,D1,D1 Moderate drought,11.09551773
2007-09-04,D1,D1 Moderate drought,11.14020362
2007-09-11,D1,D1 Moderate drought,11.14020362
2007-09-18,D1,D1 Moderate drought,11.14020362
2007-09-25,D1,D1 Moderate drought,15.85956266
2007-10-02,D1,D1 Moderate drought,14.99580004
2007-10-09,D1,D1 Moderate drought,14.99580004
2007-10-16,D1,D1 Moderate drought,14.99580004
2007-10-23,D1,D1 Moderate drought,13.48027477
2007-10-30,D1,D1 Moderate drought,14.90994633
2007-11-06,D1,D1 Moderate drought,15.05294118
2007-11-13,D1,D1 Moderate drought,15.58004387
2007-11-20,D1,D1 Moderate drought,15.58004387
2007-11-27,D1,D1 Moderate drought,18.70174687
2007-12-04,D1,D1 Moderate drought,16.70325576
2007-12-11,D1,D1 Moderate drought,15.76535241
2007-12-18,D1,D1 Moderate drought,15.82258227
2007-12-25,D1,D1 Moderate drought,15.82095114
2008-01-01,D1,D1 Moderate drought,15.82095114
2008-01-08,D1,D1 Moderate drought,24.14855596
2008-01-15,D1,D1 Moderate drought,23.57772266
2008-01-22,D1,D1 Moderate drought,23.56040433
2008-01-29,D1,D1 Moderate drought,20.39470284
2008-02-05,D1,D1 Moderate drought,22.05248887
2008-02-12,D1,D1 Moderate drought,18.87127331
2008-02-19,D1,D1 Moderate drought,18.89235481
2008-02-26,D1,D1 Moderate drought,18.24094056
2008-03-04,D1,D1 Moderate drought,15.70328378
2008-03-11,D1,D1 Moderate drought,16.04289657
2008-03-18,D1,D1 Moderate drought,19.56760925
2008-03-25,D1,D1 Moderate drought,20.55909744
2008-04-01,D1,D1 Moderate drought,30.80857697
2008-04-08,D1,D1 Moderate drought,29.73267347
2008-04-15,D1,D1 Moderate drought,29.12587298
2008-04-22,D1,D1 Moderate drought,29.57490984
2008-04-29,D1,D1 Moderate drought,31.11425485
2008-05-06,D1,D1 Moderate drought,32.47338785
2008-05-13,D1,D1 Moderate drought,32.33245691
2008-05-20,D1,D1 Moderate drought,31.05940993
2008-05-27,D1,D1 Moderate drought,28.18117919
2008-06-03,D1,D1 Moderate drought,30.79105208
2008-06-10,D1,D1 Moderate drought,31.36670678
2008-06-17,D1,D1 Moderate drought,37.53203674
2008-06-24,D1,D1 Moderate drought,37.84907472
2008-07-01,D1,D1 Moderate drought,36.39038259
2008-07-08,D1,D1 Moderate drought,34.78355572
2008-07-15,D1,D1 Moderate drought,35.60444761
2008-07-22,D1,D1 Moderate drought,31.75900538
2008-07-29,D1,D1 Moderate drought,26.56662789
2008-08-05,D1,D1 Moderate drought,26.99716097
2008-08-12,D1,D1 Moderate drought,26.61318632
2008-08-19,D1,D1 Moderate drought,24.98068278
2008-08-26,D1,D1 Moderate drought,24.76986782
2008-09-02,D1,D1 Moderate drought,26.51026126
2008-09-09,D1,D1 Moderate drought,23.7325273
2008-09-16,D1,D1 Moderate drought,23.1176271
2008-09-23,D1,D1 Moderate drought,22.26179904
2008-09-30,D1,D1 Moderate drought,22.26179904
2008-10-07,D1,D1 Moderate drought,21.34836052
2008-10-14,D1,D1 Moderate drought,20.81872782
2008-10-21,D1,D1 Moderate drought,20.96068166
2008-10-28,D1,D1 Moderate drought,21.02611857
2008-11-04,D1,D1 Moderate drought,23.73130228
2008-11-11,D1,D1 Moderate drought,22.33897551
2008-11-18,D1,D1 Moderate drought,22.33897551
2008-11-25,D1,D1 Moderate drought,22.33897551
2008-12-02,D1,D1 Moderate drought,22.93199375
2008-12-09,D1,D1 Moderate drought,21.03591206
2008-12-16,D1,D1 Moderate drought,22.2141334
2008-12-23,D1,D1 Moderate drought,22.77189037
2008-12-30,D1,D1 Moderate drought,22.04617806
2009-01-06,D1,D1 Moderate drought,22.45843841
2009-01-13,D1,D1 Moderate drought,21.51356349
2009-01-20,D1,D1 Moderate drought,20.3845323
2009-01-27,D1,D1 Moderate drought,20.39669889
2009-02-03,D1,D1 Moderate drought,19.17087643
2009-02-10,D1,D1 Moderate drought,15.92777541
2009-02-17,D1,D1 Moderate drought,13.53677635
2009-02-24,D1,D1 Moderate drought,15.37281964
2009-03-03,D1,D1 Moderate drought,19.80804289
2009-03-10,D1,D1 Moderate drought,24.23574195
2009-03-17,D1,D1 Moderate drought,25.46018083
2009-03-24,D1,D1 Moderate drought,29.63144832
2009-03-31,D1,D1 Moderate drought,29.08925949
2009-04-07,D1,D1 Moderate drought,22.33066688
2009-04-14,D1,D1 Moderate drought,21.50248009
2009-04-21,D1,D1 Moderate drought,22.09358923
2009-04-28,D1,D1 Moderate drought,21.09167271
2009-05-05,D1,D1 Moderate drought,22.58621019
2009-05-12,D1,D1 Moderate drought,24.76588976
2009-05-19,D1,D1 Moderate drought,25.33343932
2009-05-26,D1,D1 Moderate drought,20.38822158
2009-06-02,D1,D1 Moderate drought,18.25254405
2009-06-09,D1,D1 Moderate drought,17.89389313
2009-06-16,D1,D1 Moderate drought,17.79031474
2009-06-23,D1,D1 Moderate drought,17.0472821
2009-06-30,D1,D1 Moderate drought,15.70104592
2009-07-07,D1,D1 Moderate drought,13.6352423
2009-07-14,D1,D1 Moderate drought,13.6352423
2009-07-21,D1,D1 Moderate drought,13.6352423
2009-07-28,D1,D1 Moderate drought,12.7200611
2009-08-04,D1,D1 Moderate drought,12.20679408
2009-08-11,D1,D1 Moderate drought,12.86997476
2009-08-18,D1,D1 Moderate drought,13.56320767
2009-08-25,D1,D1 Moderate drought,20.63385737
2009-09-01,D1,D1 Moderate drought,20.06231461
2009-09-08,D1,D1 Moderate drought,22.9574442
2009-09-15,D1,D1 Moderate drought,22.42006763
2009-09-22,D1,D1 Moderate drought,20.34021242
2009-09-29,D1,D1 Moderate drought,21.05476062
2009-10-06,D1,D1 Moderate drought,23.71945006
2009-10-13,D1,D1 Moderate drought,17.81222652
2009-10-20,D1,D1 Moderate drought,21.23517893
2009-10-27,D1,D1 Moderate drought,22.08592667
2009-11-03,D1,D1 Moderate drought,26.45290036
2009-11-10,D1,D1 Moderate drought,27.13185144
2009-11-17,D1,D1 Moderate drought,27.62899605
2009-11-24,D1,D1 Moderate drought,27.40426734
2009-12-01,D1,D1 Moderate drought,27.60740765
2009-12-08,D1,D1 Moderate drought,27.60740765
2009-12-15,D1,D1 Moderate drought,30.09939654
2009-12-22,D1,D1 Moderate drought,30.09939654
2009-12-29,D1,D1 Moderate drought,30.09939654
2010-01-05,D1,D1 Moderate drought,30.62865969
2010-01-12,D1,D1 Moderate drought,23.53389514
2010-01-19,D1,D1 Moderate drought,23.72214533
2010-01-26,D1,D1 Moderate drought,21.25604571
2010-02-02,D1,D1 Moderate drought,18.92655644
2010-02-09,D1,D1 Moderate drought,16.08676313
2010-02-16,D1,D1 Moderate drought,15.52682583
2010-02-23,D1,D1 Moderate drought,15.22777575
2010-03-02,D1,D1 Moderate drought,14.41546989
2010-03-09,D1,D1 Moderate drought,11.35358335
2010-03-16,D1,D1 Moderate drought,9.53979164
2010-03-23,D1,D1 Moderate drought,9.120551229
2010-03-30,D1,D1 Moderate drought,7.952461329
2010-04-06,D1,D1 Moderate drought,7.798292923
2010-04-13,D1,D1 Moderate drought,8.166555382
2010-04-20,D1,D1 Moderate drought,8.163851021
2010-04-27,D1,D1 Moderate drought,8.165065852
2010-05-04,D1,D1 Moderate drought,8.165065852
2010-05-11,D1,D1 Moderate drought,7.987044336
2010-05-18,D1,D1 Moderate drought,7.843341461
2010-05-25,D1,D1 Moderate drought,7.40370764
2010-06-01,D1,D1 Moderate drought,7.40370764
2010-06-08,D1,D1 Moderate drought,7.641149065
2010-06-15,D1,D1 Moderate drought,11.47889169
2010-06-22,D1,D1 Moderate drought,11.47889169
2010-06-29,D1,D1 Moderate drought,11.47889169
2010-07-06,D1,D1 Moderate drought,11.32929706
2010-07-13,D1,D1 Moderate drought,11.32929706
2010-07-20,D1,D1 Moderate drought,13.39454268
2010-07-27,D1,D1 Moderate drought,12.52039483
2010-08-03,D1,D1 Moderate drought,9.532575833
2010-08-10,D1,D1 Moderate drought,8.197288771
2010-08-17,D1,D1 Moderate drought,8.029281736
2010-08-24,D1,D1 Moderate drought,7.970560831
2010-08-31,D1,D1 Moderate drought,7.970560831
2010-09-07,D1,D1 Moderate drought,7.960774013
2010-09-14,D1,D1 Moderate drought,8.954135994
2010-09-21,D1,D1 Moderate drought,8.954135994
2010-09-28,D1,D1 Moderate drought,10.93181941
2010-10-05,D1,D1 Moderate drought,11.39059457
2010-10-12,D1,D1 Moderate drought,6.615506942
2010-10-19,D1,D1 Moderate drought,7.221745555
2010-10-26,D1,D1 Moderate drought,7.127532661
2010-11-02,D1,D1 Moderate drought,7.127532661
2010-11-09,D1,D1 Moderate drought,8.742182924
2010-11-16,D1,D1 Moderate drought,9.310101554
2010-11-23,D1,D1 Moderate drought,8.830980986
2010-11-30,D1,D1 Moderate drought,7.468187463
2010-12-07,D1,D1 Moderate drought,8.704639473
2010-12-14,D1,D1 Moderate drought,14.51901369
2010-12-21,D1,D1 Moderate drought,19.90553525
2010-12-28,D1,D1 Moderate drought,18.19689092
2011-01-04,D1,D1 Moderate drought,18.19243252
2011-01-11,D1,D1 Moderate drought,18.51050624
2011-01-18,D1,D1 Moderate drought,18.51148486
2011-01-25,D1,D1 Moderate drought,17.26507597
2011-02-01,D1,D1 Moderate drought,13.87491144
2011-02-08,D1,D1 Moderate drought,15.71407416
2011-02-15,D1,D1 Moderate drought,15.89281773
2011-02-22,D1,D1 Moderate drought,16.16007049
2011-03-01,D1,D1 Moderate drought,12.46454715
2011-03-08,D1,D1 Moderate drought,12.21028573
2011-03-15,D1,D1 Moderate drought,15.75555305
2011-03-22,D1,D1 Moderate drought,13.85008941
2011-03-29,D1,D1 Moderate drought,9.232543794
2011-04-05,D1,D1 Moderate drought,9.823874317
2011-04-12,D1,D1 Moderate drought,9.897814801
2011-04-19,D1,D1 Moderate drought,9.541991821
2011-04-26,D1,D1 Moderate drought,11.41193427
2011-05-03,D1,D1 Moderate drought,7.657625487
2011-05-10,D1,D1 Moderate drought,7.67554532
2011-05-17,D1,D1 Moderate drought,8.255375352
2011-05-24,D1,D1 Moderate drought,7.317275892
2011-05-31,D1,D1 Moderate drought,6.810671057
2011-06-07,D1,D1 Moderate drought,6.810671057
2011-06-14,D1,D1 Moderate drought,6.615542658
2011-06-21,D1,D1 Moderate drought,6.658739021
2011-06-28,D1,D1 Moderate drought,5.599776329
2011-07-05,D1,D1 Moderate drought,5.650420341
2011-07-12,D1,D1 Moderate drought,5.682041174
2011-07-19,D1,D1 Moderate drought,5.924817755
2011-07-26,D1,D1 Moderate drought,6.023126719
2011-08-02,D1,D1 Moderate drought,6.012700011
2011-08-09,D1,D1 Moderate drought,5.967037926
2011-08-16,D1,D1 Moderate drought,6.310120729
2011-08-23,D1,D1 Moderate drought,6.880586445
2011-08-30,D1,D1 Moderate drought,8.130979154
2011-09-06,D1,D1 Moderate drought,8.058770387
2011-09-13,D1,D1 Moderate drought,7.229794516
2011-09-20,D1,D1 Moderate drought,6.870981887
2011-09-27,D1,D1 Moderate drought,6.870981887
2011-10-04,D1,D1 Moderate drought,6.870981887
2011-10-11,D1,D1 Moderate drought,6.512365613
2011-10-18,D1,D1 Moderate drought,6.182798903
2011-10-25,D1,D1 Moderate drought,6.182798903
2011-11-01,D1,D1 Moderate drought,5.897028038
2011-11-08,D1,D1 Moderate drought,6.095674076
2011-11-15,D1,D1 Moderate drought,6.058647269
2011-11-22,D1,D1 Moderate drought,6.058647269
2011-11-29,D1,D1 Moderate drought,6.030346203
2011-12-06,D1,D1 Moderate drought,6.03608264
2011-12-13,D1,D1 Moderate drought,6.273656327
2011-12-20,D1,D1 Moderate drought,8.104452448
2011-12-27,D1,D1 Moderate drought,10.14697554
2012-01-03,D1,D1 Moderate drought,24.82412705
2012-01-10,D1,D1 Moderate drought,24.07507533
2012-01-17,D1,D1 Moderate drought,25.4669859
2012-01-24,D1,D1 Moderate drought,36.60808651
2012-01-31,D1,D1 Moderate drought,45.2691054
2012-02-07,D1,D1 Moderate drought,46.84805078
2012-02-14,D1,D1 Moderate drought,46.97338426
2012-02-21,D1,D1 Moderate drought,48.34169539
2012-02-28,D1,D1 Moderate drought,41.0659837
2012-03-06,D1,D1 Moderate drought,40.84793401
2012-03-13,D1,D1 Moderate drought,35.76947833
2012-03-20,D1,D1 Moderate drought,37.78330709
2012-03-27,D1,D1 Moderate drought,37.01962081
2012-04-03,D1,D1 Moderate drought,36.15450725
2012-04-10,D1,D1 Moderate drought,35.8100857
2012-04-17,D1,D1 Moderate drought,34.26401509
2012-04-24,D1,D1 Moderate drought,32.45357725
2012-05-01,D1,D1 Moderate drought,35.83129838
2012-05-08,D1,D1 Moderate drought,36.29706893
2012-05-15,D1,D1 Moderate drought,35.18200157
2012-05-22,D1,D1 Moderate drought,30.64274802
2012-05-29,D1,D1 Moderate drought,31.28889807
2012-06-05,D1,D1 Moderate drought,31.28607046
2012-06-12,D1,D1 Moderate drought,31.38443498
2012-06-19,D1,D1 Moderate drought,26.80282867
2012-06-26,D1,D1 Moderate drought,17.52940496
2012-07-03,D1,D1 Moderate drought,17.41076357
2012-07-10,D1,D1 Moderate drought,18.07010311
2012-07-17,D1,D1 Moderate drought,19.57423288
2012-07-24,D1,D1 Moderate drought,19.95442462
2012-07-31,D1,D1 Moderate drought,20.71857811
2012-08-07,D1,D1 Moderate drought,20.39187314
2012-08-14,D1,D1 Moderate drought,19.56123702
2012-08-21,D1,D1 Moderate drought,24.42239103
2012-08-28,D1,D1 Moderate drought,33.16154132
2012-09-04,D1,D1 Moderate drought,33.20680975
2012-09-11,D1,D1 Moderate drought,35.68362954
2012-09-18,D1,D1 Moderate drought,37.54677035
2012-09-25,D1,D1 Moderate drought,37.53786878
2012-10-02,D1,D1 Moderate drought,37.99815022
2012-10-09,D1,D1 Moderate drought,38.945506
2012-10-16,D1,D1 Moderate drought,38.22729926
2012-10-23,D1,D1 Moderate drought,38.09260719
2012-10-30,D1,D1 Moderate drought,36.723546
2012-11-06,D1,D1 Moderate drought,35.78330413
2012-11-13,D1,D1 Moderate drought,37.22997145
2012-11-20,D1,D1 Moderate drought,34.77076046
2012-11-27,D1,D1 Moderate drought,30.11865189
2012-12-04,D1,D1 Moderate drought,27.64063815
2012-12-11,D1,D1 Moderate drought,26.68628644
2012-12-18,D1,D1 Moderate drought,26.86081439
2012-12-25,D1,D1 Moderate drought,27.07631412
2013-01-01,D1,D1 Moderate drought,28.18249325
2013-01-08,D1,D1 Moderate drought,29.57380223
2013-01-15,D1,D1 Moderate drought,28.55613676
2013-01-22,D1,D1 Moderate drought,28.55613676
2013-01-29,D1,D1 Moderate drought,26.42275417
2013-02-05,D1,D1 Moderate drought,26.42275417
2013-02-12,D1,D1 Moderate drought,29.14859049
2013-02-19,D1,D1 Moderate drought,28.40968576
2013-02-26,D1,D1 Moderate drought,27.64464575
2013-03-05,D1,D1 Moderate drought,27.29173561
2013-03-12,D1,D1 Moderate drought,27.87516978
2013-03-19,D1,D1 Moderate drought,28.36979666
2013-03-26,D1,D1 Moderate drought,28.36593395
2013-04-02,D1,D1 Moderate drought,28.36941373
2013-04-09,D1,D1 Moderate drought,26.76870715
2013-04-16,D1,D1 Moderate drought,27.03842798
2013-04-23,D1,D1 Moderate drought,26.71522497
2013-04-30,D1,D1 Moderate drought,24.60976854
2013-05-07,D1,D1 Moderate drought,28.05080564
2013-05-14,D1,D1 Moderate drought,29.3926919
2013-05-21,D1,D1 Moderate drought,29.00643206
2013-05-28,D1,D1 Moderate drought,29.00643206
2013-06-04,D1,D1 Moderate drought,28.05653781
2013-06-11,D1,D1 Moderate drought,28.35981927
2013-06-18,D1,D1 Moderate drought,24.30718488
2013-06-25,D1,D1 Moderate drought,15.9198378
2013-07-02,D1,D1 Moderate drought,15.33402794
2013-07-09,D1,D1 Moderate drought,15.53846167
2013-07-16,D1,D1 Moderate drought,14.59172067
2013-07-23,D1,D1 Moderate drought,15.80330898
2013-07-30,D1,D1 Moderate drought,16.13456954
2013-08-06,D1,D1 Moderate drought,17.10950856
2013-08-13,D1,D1 Moderate drought,17.48150181
2013-08-20,D1,D1 Moderate drought,17.80042873
2013-08-27,D1,D1 Moderate drought,19.35242003
2013-09-03,D1,D1 Moderate drought,22.34058659
2013-09-10,D1,D1 Moderate drought,22.22820226
2013-09-17,D1,D1 Moderate drought,31.452351
2013-09-24,D1,D1 Moderate drought,28.77052786
2013-10-01,D1,D1 Moderate drought,30.39055448
2013-10-08,D1,D1 Moderate drought,30.46056238
2013-10-15,D1,D1 Moderate drought,29.69683048
2013-10-22,D1,D1 Moderate drought,28.59185419
2013-10-29,D1,D1 Moderate drought,28.59185419
2013-11-05,D1,D1 Moderate drought,27.1548254
2013-11-12,D1,D1 Moderate drought,27.13579128
2013-11-19,D1,D1 Moderate drought,29.28719825
2013-11-26,D1,D1 Moderate drought,26.1599925
2013-12-03,D1,D1 Moderate drought,26.1599925
2013-12-10,D1,D1 Moderate drought,25.5938813
2013-12-17,D1,D1 Moderate drought,25.5382457
2013-12-24,D1,D1 Moderate drought,25.63507272
2013-12-31,D1,D1 Moderate drought,25.01199742
2014-01-07,D1,D1 Moderate drought,24.333045
2014-01-14,D1,D1 Moderate drought,23.84352829
2014-01-21,D1,D1 Moderate drought,23.84352829
2014-01-28,D1,D1 Moderate drought,23.85182524
2014-02-04,D1,D1 Moderate drought,23.83094659
2014-02-11,D1,D1 Moderate drought,24.0196125
2014-02-18,D1,D1 Moderate drought,21.48218051
2014-02-25,D1,D1 Moderate drought,20.60011466
2014-03-04,D1,D1 Moderate drought,20.58073556
2014-03-11,D1,D1 Moderate drought,20.59429648
2014-03-18,D1,D1 Moderate drought,21.171499
2014-03-25,D1,D1 Moderate drought,21.57138488
2014-04-01,D1,D1 Moderate drought,21.72626013
2014-04-08,D1,D1 Moderate drought,21.65942124
2014-04-15,D1,D1 Moderate drought,19.62197308
2014-04-22,D1,D1 Moderate drought,19.98638022
2014-04-29,D1,D1 Moderate drought,19.14556308
2014-05-06,D1,D1 Moderate drought,19.47572775
2014-05-13,D1,D1 Moderate drought,15.80538458
2014-05-20,D1,D1 Moderate drought,15.58267889
2014-05-27,D1,D1 Moderate drought,15.34704703
2014-06-03,D1,D1 Moderate drought,15.3209487
2014-06-10,D1,D1 Moderate drought,14.98681856
2014-06-17,D1,D1 Moderate drought,15.1552161
2014-06-24,D1,D1 Moderate drought,15.1552161
2014-07-01,D1,D1 Moderate drought,14.75714565
2014-07-08,D1,D1 Moderate drought,15.42006212
2014-07-15,D1,D1 Moderate drought,17.36627257
2014-07-22,D1,D1 Moderate drought,17.04429962
2014-07-29,D1,D1 Moderate drought,21.66926873
2014-08-05,D1,D1 Moderate drought,20.84155946
2014-08-12,D1,D1 Moderate drought,19.82690739
2014-08-19,D1,D1 Moderate drought,20.38259172
2014-08-26,D1,D1 Moderate drought,22.15777222
2014-09-02,D1,D1 Moderate drought,22.50319635
2014-09-09,D1,D1 Moderate drought,23.19374712
2014-09-16,D1,D1 Moderate drought,24.09236169
2014-09-23,D1,D1 Moderate drought,26.66021095
2014-09-30,D1,D1 Moderate drought,25.7135809
2014-10-07,D1,D1 Moderate drought,25.60478576
2014-10-14,D1,D1 Moderate drought,25.69440146
2014-10-21,D1,D1 Moderate drought,26.1102346
2014-10-28,D1,D1 Moderate drought,26.1102346
2014-11-04,D1,D1 Moderate drought,26.6337535
2014-11-11,D1,D1 Moderate drought,26.60117919
2014-11-18,D1,D1 Moderate drought,26.86066433
2014-11-25,D1,D1 Moderate drought,26.86066433
2014-12-02,D1,D1 Moderate drought,27.04857226
2014-12-09,D1,D1 Moderate drought,27.04857226
2014-12-16,D1,D1 Moderate drought,26.50397613
2014-12-23,D1,D1 Moderate drought,26.50397613
2014-12-30,D1,D1 Moderate drought,26.45712836
2015-01-06,D1,D1 Moderate drought,26.39346783
2015-01-13,D1,D1 Moderate drought,26.39346783
2015-01-20,D1,D1 Moderate drought,25.70367487
2015-01-27,D1,D1 Moderate drought,26.36432459
2015-02-03,D1,D1 Moderate drought,28.03277048
2015-02-10,D1,D1 Moderate drought,28.53485577
2015-02-17,D1,D1 Moderate drought,37.69233883
2015-02-24,D1,D1 Moderate drought,38.08150062
2015-03-03,D1,D1 Moderate drought,40.16040052
2015-03-10,D1,D1 Moderate drought,39.40471481
2015-03-17,D1,D1 Moderate drought,38.87318859
2015-03-24,D1,D1 Moderate drought,34.40668975
2015-03-31,D1,D1 Moderate drought,27.66496699
2015-04-07,D1,D1 Moderate drought,26.51475767
2015-04-14,D1,D1 Moderate drought,26.5317653
2015-04-21,D1,D1 Moderate drought,25.75868098
2015-04-28,D1,D1 Moderate drought,26.6889959
2015-05-05,D1,D1 Moderate drought,27.70199308
2015-05-12,D1,D1 Moderate drought,29.21883509
2015-05-19,D1,D1 Moderate drought,28.19116903
2015-05-26,D1,D1 Moderate drought,25.0658893
2015-06-02,D1,D1 Moderate drought,25.03163012
2015-06-09,D1,D1 Moderate drought,21.83409825
2015-06-16,D1,D1 Moderate drought,21.80683118
2015-06-23,D1,D1 Moderate drought,20.0579177
2015-06-30,D1,D1 Moderate drought,20.0579177
2015-07-07,D1,D1 Moderate drought,20.06351182
2015-07-14,D1,D1 Moderate drought,19.98869662
2015-07-21,D1,D1 Moderate drought,22.53057671
2015-07-28,D1,D1 Moderate drought,22.22783617
2015-08-04,D1,D1 Moderate drought,22.22783617
2015-08-11,D1,D1 Moderate drought,22.51815607
2015-08-18,D1,D1 Moderate drought,21.45149598
2015-08-25,D1,D1 Moderate drought,21.45149598
2015-09-01,D1,D1 Moderate drought,21.45149598
2015-09-08,D1,D1 Moderate drought,21.45149598
2015-09-15,D1,D1 Moderate drought,21.43880281
2015-09-22,D1,D1 Moderate drought,20.11714443
2015-09-29,D1,D1 Moderate drought,19.57604034
2015-10-06,D1,D1 Moderate drought,19.3668936
2015-10-13,D1,D1 Moderate drought,19.3668936
2015-10-20,D1,D1 Moderate drought,18.29893247
2015-10-27,D1,D1 Moderate drought,17.38510022
2015-11-03,D1,D1 Moderate drought,15.93189104
2015-11-10,D1,D1 Moderate drought,15.90248168
2015-11-17,D1,D1 Moderate drought,16.24622821
2015-11-24,D1,D1 Moderate drought,16.24622821
2015-12-01,D1,D1 Moderate drought,13.96259239
2015-12-08,D1,D1 Moderate drought,13.96259239
2015-12-15,D1,D1 Moderate drought,14.34440169
2015-12-22,D1,D1 Moderate drought,14.37064793
2015-12-29,D1,D1 Moderate drought,15.09210355
2016-01-05,D1,D1 Moderate drought,14.74563583
2016-01-12,D1,D1 Moderate drought,9.357970832
2016-01-19,D1,D1 Moderate drought,12.47737564
2016-01-26,D1,D1 Moderate drought,11.74853045
2016-02-02,D1,D1 Moderate drought,11.78251187
2016-02-09,D1,D1 Moderate drought,11.80549743
2016-02-16,D1,D1 Moderate drought,11.78675832
2016-02-23,D1,D1 Moderate drought,11.71414428
2016-03-01,D1,D1 Moderate drought,11.77951301
2016-03-08,D1,D1 Moderate drought,12.65197741
2016-03-15,D1,D1 Moderate drought,15.08761796
2016-03-22,D1,D1 Moderate drought,22.38009439
2016-03-29,D1,D1 Moderate drought,23.03034002
2016-04-05,D1,D1 Moderate drought,29.00086848
2016-04-12,D1,D1 Moderate drought,29.13731822
2016-04-19,D1,D1 Moderate drought,28.16200536
2016-04-26,D1,D1 Moderate drought,28.16374525
2016-05-03,D1,D1 Moderate drought,26.84992639
2016-05-10,D1,D1 Moderate drought,27.21250077
2016-05-17,D1,D1 Moderate drought,27.05476188
2016-05-24,D1,D1 Moderate drought,28.28667969
2016-05-31,D1,D1 Moderate drought,23.71636987
2016-06-07,D1,D1 Moderate drought,22.36198173
2016-06-14,D1,D1 Moderate drought,18.85074608
2016-06-21,D1,D1 Moderate drought,18.85074608
2016-06-28,D1,D1 Moderate drought,18.85074608
2016-07-05,D1,D1 Moderate drought,18.85074608
2016-07-12,D1,D1 Moderate drought,18.85074608
2016-07-19,D1,D1 Moderate drought,18.85074608
2016-07-26,D1,D1 Moderate drought,22.3976963
2016-08-02,D1,D1 Moderate drought,24.13964637
2016-08-09,D1,D1 Moderate drought,24.13964637
2016-08-16,D1,D1 Moderate drought,24.01492256
2016-08-23,D1,D1 Moderate drought,24.41650692
2016-08-30,D1,D1 Moderate drought,23.86916872
2016-09-06,D1,D1 Moderate drought,24.05413996
2016-09-13,D1,D1 Moderate drought,16.93105502
2016-09-20,D1,D1 Moderate drought,16.56174643
2016-09-27,D1,D1 Moderate drought,16.43652651
2016-10-04,D1,D1 Moderate drought,16.43652651
2016-10-11,D1,D1 Moderate drought,16.43652651
2016-10-18,D1,D1 Moderate drought,16.13126044
2016-10-25,D1,D1 Moderate drought,16.48081183
2016-11-01,D1,D1 Moderate drought,18.14552926
2016-11-08,D1,D1 Moderate drought,20.70860378
2016-11-15,D1,D1 Moderate drought,21.03927939
2016-11-22,D1,D1 Moderate drought,21.03927939
2016-11-29,D1,D1 Moderate drought,21.04076892
2016-12-06,D1,D1 Moderate drought,21.41937246
2016-12-13,D1,D1 Moderate drought,21.41490387
2016-12-20,D1,D1 Moderate drought,21.09474649
2016-12-27,D1,D1 Moderate drought,19.04589072
2017-01-03,D1,D1 Moderate drought,18.29048518
2017-01-10,D1,D1 Moderate drought,13.00677674
2017-01-17,D1,D1 Moderate drought,13.710707
2017-01-24,D1,D1 Moderate drought,15.59193842
2017-01-31,D1,D1 Moderate drought,15.84293471
2017-02-07,D1,D1 Moderate drought,16.66120324
2017-02-14,D1,D1 Moderate drought,12.37801476
2017-02-21,D1,D1 Moderate drought,11.00962021
2017-02-28,D1,D1 Moderate drought,9.079037016
2017-03-07,D1,D1 Moderate drought,9.520365063
2017-03-14,D1,D1 Moderate drought,9.982690495
2017-03-21,D1,D1 Moderate drought,10.48241498
2017-03-28,D1,D1 Moderate drought,8.002347926
2017-04-04,D1,D1 Moderate drought,7.097319894
2017-04-11,D1,D1 Moderate drought,7.146674251
2017-04-18,D1,D1 Moderate drought,5.61917629
2017-04-25,D1,D1 Moderate drought,5.149974415
2017-05-02,D1,D1 Moderate drought,4.381377057
2017-05-09,D1,D1 Moderate drought,7.436034617
2017-05-16,D1,D1 Moderate drought,7.386208306
2017-05-23,D1,D1 Moderate drought,7.325137586
2017-05-30,D1,D1 Moderate drought,7.325137586
2017-06-06,D1,D1 Moderate drought,7.325137586
2017-06-13,D1,D1 Moderate drought,7.325137586
2017-06-20,D1,D1 Moderate drought,7.325137586
2017-06-27,D1,D1 Moderate drought,7.325137586
2017-07-04,D1,D1 Moderate drought,7.763691542
2017-07-11,D1,D1 Moderate drought,8.39286208
2017-07-18,D1,D1 Moderate drought,8.39286208
2017-07-25,D1,D1 Moderate drought,5.181476036
2017-08-01,D1,D1 Moderate drought,4.124607205
2017-08-08,D1,D1 Moderate drought,4.124607205
2017-08-15,D1,D1 Moderate drought,4.401758204
2017-08-22,D1,D1 Moderate drought,4.444277286
2017-08-29,D1,D1 Moderate drought,4.444277286
2017-09-05,D1,D1 Moderate drought,5.170888346
2017-09-12,D1,D1 Moderate drought,5.170888346
2017-09-19,D1,D1 Moderate drought,5.170888346
2017-09-26,D1,D1 Moderate drought,5.177915511
2017-10-03,D1,D1 Moderate drought,5.066816501
2017-10-10,D1,D1 Moderate drought,4.688591977
2017-10-17,D1,D1 Moderate drought,4.688591977
2017-10-24,D1,D1 Moderate drought,7.349283768
2017-10-31,D1,D1 Moderate drought,10.352375
2017-11-07,D1,D1 Moderate drought,11.2229689
2017-11-14,D1,D1 Moderate drought,11.2229689
2017-11-21,D1,D1 Moderate drought,13.29619956
2017-11-28,D1,D1 Moderate drought,24.65143452
2017-12-05,D1,D1 Moderate drought,30.07664795
2017-12-12,D1,D1 Moderate drought,31.05976348
2017-12-19,D1,D1 Moderate drought,31.6727768
2017-12-26,D1,D1 Moderate drought,34.00806867
2018-01-02,D1,D1 Moderate drought,31.30111952
2018-01-09,D1,D1 Moderate drought,43.48662185
2018-01-16,D1,D1 Moderate drought,42.00103755
2018-01-23,D1,D1 Moderate drought,30.19200934
2018-01-30,D1,D1 Moderate drought,33.77817361
2018-02-06,D1,D1 Moderate drought,30.81854968
2018-02-13,D1,D1 Moderate drought,26.39912478
2018-02-20,D1,D1 Moderate drought,27.47312877
2018-02-27,D1,D1 Moderate drought,27.33639042
2018-03-06,D1,D1 Moderate drought,23.16585525
2018-03-13,D1,D1 Moderate drought,22.0376746
2018-03-20,D1,D1 Moderate drought,22.23381229
2018-03-27,D1,D1 Moderate drought,21.79840313
2018-04-03,D1,D1 Moderate drought,20.55336835
2018-04-10,D1,D1 Moderate drought,21.36041878
2018-04-17,D1,D1 Moderate drought,21.32169101
2018-04-24,D1,D1 Moderate drought,20.59713055
2018-05-01,D1,D1 Moderate drought,20.03096855
2018-05-08,D1,D1 Moderate drought,20.30949658
2018-05-15,D1,D1 Moderate drought,16.95895771
2018-05-22,D1,D1 Moderate drought,17.01725089
2018-05-29,D1,D1 Moderate drought,17.01518698
2018-06-05,D1,D1 Moderate drought,17.09278136
2018-06-12,D1,D1 Moderate drought,16.82374676
2018-06-19,D1,D1 Moderate drought,16.5965851
2018-06-26,D1,D1 Moderate drought,18.60309092
2018-07-03,D1,D1 Moderate drought,18.70442942
2018-07-10,D1,D1 Moderate drought,19.51387028
2018-07-17,D1,D1 Moderate drought,19.41444442
2018-07-24,D1,D1 Moderate drought,19.59584865
2018-07-31,D1,D1 Moderate drought,23.21035852
2018-08-07,D1,D1 Moderate drought,23.05096072
2018-08-14,D1,D1 Moderate drought,24.24309271
2018-08-21,D1,D1 Moderate drought,24.33480812
2018-08-28,D1,D1 Moderate drought,25.22817862
2018-09-04,D1,D1 Moderate drought,25.02749958
2018-09-11,D1,D1 Moderate drought,25.90419222
2018-09-18,D1,D1 Moderate drought,25.93249328
2018-09-25,D1,D1 Moderate drought,22.53133204
2018-10-02,D1,D1 Moderate drought,23.37702131
2018-10-09,D1,D1 Moderate drought,28.48056753
2018-10-16,D1,D1 Moderate drought,28.66983553
2018-10-23,D1,D1 Moderate drought,29.71926909
2018-10-30,D1,D1 Moderate drought,26.67141881
2018-11-06,D1,D1 Moderate drought,29.49176845
2018-11-13,D1,D1 Moderate drought,29.08828158
2018-11-20,D1,D1 Moderate drought,34.45866189
2018-11-27,D1,D1 Moderate drought,36.42808419
2018-12-04,D1,D1 Moderate drought,35.77386423
2018-12-11,D1,D1 Moderate drought,37.09106668
2018-12-18,D1,D1 Moderate drought,37.09106668
2018-12-25,D1,D1 Moderate drought,37.24118873
2019-01-01,D1,D1 Moderate drought,37.36963216
2019-01-08,D1,D1 Moderate drought,37.68506132
2019-01-15,D1,D1 Moderate drought,39.66246182
2019-01-22,D1,D1 Moderate drought,41.4657144
2019-01-29,D1,D1 Moderate drought,31.24631016
2019-02-05,D1,D1 Moderate drought,27.85740011
2019-02-12,D1,D1 Moderate drought,27.80516244
2019-02-19,D1,D1 Moderate drought,26.52651916
2019-02-26,D1,D1 Moderate drought,20.94729205
2019-03-05,D1,D1 Moderate drought,23.72904594
2019-03-12,D1,D1 Moderate drought,8.357249921
2019-03-19,D1,D1 Moderate drought,5.589016038
2019-03-26,D1,D1 Moderate drought,5.800924878
2019-04-02,D1,D1 Moderate drought,5.800924878
2019-04-09,D1,D1 Moderate drought,5.799710047
2019-04-16,D1,D1 Moderate drought,5.58832947
2019-04-23,D1,D1 Moderate drought,3.945067512
2019-04-30,D1,D1 Moderate drought,3.771281241
2019-05-07,D1,D1 Moderate drought,4.731699536
2019-05-14,D1,D1 Moderate drought,4.645306809
2019-05-21,D1,D1 Moderate drought,4.005128613
2019-05-28,D1,D1 Moderate drought,4.005128613
2019-06-04,D1,D1 Moderate drought,4.005128613
2019-06-11,D1,D1 Moderate drought,1.913877036
2019-06-18,D1,D1 Moderate drought,1.913877036
2019-06-25,D1,D1 Moderate drought,1.520662299
2019-07-02,D1,D1 Moderate drought,1.520662299
2019-07-09,D1,D1 Moderate drought,1.520662299
2019-07-16,D1,D1 Moderate drought,1.520662299
2019-07-23,D1,D1 Moderate drought,1.520662299
2019-07-30,D1,D1 Moderate drought,1.520662299
2019-08-06,D1,D1 Moderate drought,2.317531102
2019-08-13,D1,D1 Moderate drought,2.317531102
2019-08-20,D1,D1 Moderate drought,3.257070737
2019-08-27,D1,D1 Moderate drought,8.310860028
2019-09-03,D1,D1 Moderate drought,10.20920219
2019-09-10,D1,D1 Moderate drought,17.43326618
2019-09-17,D1,D1 Moderate drought,18.02803906
2019-09-24,D1,D1 Moderate drought,18.97704608
2019-10-01,D1,D1 Moderate drought,21.87103582
2019-10-08,D1,D1 Moderate drought,18.2835106
2019-10-15,D1,D1 Moderate drought,16.65521564
2019-10-22,D1,D1 Moderate drought,20.62780207
2019-10-29,D1,D1 Moderate drought,20.25244057
2019-11-05,D1,D1 Moderate drought,20.25244057
2019-11-12,D1,D1 Moderate drought,21.43968887
2019-11-19,D1,D1 Moderate drought,21.64703047
2019-11-26,D1,D1 Moderate drought,20.84156337
2019-12-03,D1,D1 Moderate drought,14.19737936
2019-12-10,D1,D1 Moderate drought,10.17341643
2019-12-17,D1,D1 Moderate drought,10.85288115
2019-12-24,D1,D1 Moderate drought,10.85288115
2019-12-31,D1,D1 Moderate drought,10.99366287
2020-01-07,D1,D1 Moderate drought,14.61170221
2020-01-14,D1,D1 Moderate drought,14.61170221
2020-01-21,D1,D1 Moderate drought,15.2485013
2020-01-28,D1,D1 Moderate drought,18.4740713
2020-02-04,D1,D1 Moderate drought,18.46364459
2020-02-11,D1,D1 Moderate drought,19.70577005
2020-02-18,D1,D1 Moderate drought,19.03189012
2020-02-25,D1,D1 Moderate drought,22.66518103
2020-03-03,D1,D1 Moderate drought,26.60914943
2020-03-10,D1,D1 Moderate drought,30.18986904
2020-03-17,D1,D1 Moderate drought,29.0174845
2020-03-24,D1,D1 Moderate drought,26.27644979
2020-03-31,D1,D1 Moderate drought,31.81854197
2020-04-07,D1,D1 Moderate drought,31.56893954
2020-04-14,D1,D1 Moderate drought,26.29694499
2020-04-21,D1,D1 Moderate drought,22.45845379
2020-04-28,D1,D1 Moderate drought,23.2927517
2020-05-05,D1,D1 Moderate drought,26.2681131
2020-05-12,D1,D1 Moderate drought,26.16091063
2020-05-19,D1,D1 Moderate drought,28.13747167
2020-05-26,D1,D1 Moderate drought,28.43461226
2020-06-02,D1,D1 Moderate drought,27.11045506
2020-06-09,D1,D1 Moderate drought,27.50911253
2020-06-16,D1,D1 Moderate drought,25.16556305
2020-06-23,D1,D1 Moderate drought,24.928598
2020-06-30,D1,D1 Moderate drought,21.99131186
2020-07-07,D1,D1 Moderate drought,23.32919459
2020-07-14,D1,D1 Moderate drought,28.03109639
2020-07-21,D1,D1 Moderate drought,35.09962798
2020-07-28,D1,D1 Moderate drought,36.17573606
2020-08-04,D1,D1 Moderate drought,38.57184564
2020-08-11,D1,D1 Moderate drought,38.98257377
2020-08-18,D1,D1 Moderate drought,29.95112039
2020-08-25,D1,D1 Moderate drought,19.62306679
2020-09-01,D1,D1 Moderate drought,18.04417436
2020-09-08,D1,D1 Moderate drought,17.05856168
2020-09-15,D1,D1 Moderate drought,20.31596835
2020-09-22,D1,D1 Moderate drought,19.82762941
2020-09-29,D1,D1 Moderate drought,18.12440796
2020-10-06,D1,D1 Moderate drought,17.72240558
2020-10-13,D1,D1 Moderate drought,15.40309704
2020-10-20,D1,D1 Moderate drought,15.20724075
2020-10-27,D1,D1 Moderate drought,15.20724075
2020-11-03,D1,D1 Moderate drought,15.81083901
2020-11-10,D1,D1 Moderate drought,12.38912672
2020-11-17,D1,D1 Moderate drought,12.37868739
2020-11-24,D1,D1 Moderate drought,10.94732052
2020-12-01,D1,D1 Moderate drought,10.72014714
2020-12-08,D1,D1 Moderate drought,9.60857771
2020-12-15,D1,D1 Moderate drought,7.817179232
2020-12-22,D1,D1 Moderate drought,7.817179232
2020-12-29,D1,D1 Moderate drought,7.817179232
2021-01-05,D1,D1 Moderate drought,7.82262417
2021-01-12,D1,D1 Moderate drought,7.116699679
2021-01-19,D1,D1 Moderate drought,7.269585798
2021-01-26,D1,D1 Moderate drought,7.885677482
2021-02-02,D1,D1 Moderate drought,10.05309492
2021-02-09,D1,D1 Moderate drought,9.924804461
2021-02-16,D1,D1 Moderate drought,10.12315723
2021-02-23,D1,D1 Moderate drought,10.27462795
2021-03-02,D1,D1 Moderate drought,11.80498864
2021-03-09,D1,D1 Moderate drought,11.37565064
2021-03-16,D1,D1 Moderate drought,13.43596034
2021-03-23,D1,D1 Moderate drought,13.17361912
2021-03-30,D1,D1 Moderate drought,13.25039932
2021-04-06,D1,D1 Moderate drought,12.39074279
2021-04-13,D1,D1 Moderate drought,10.89982824
2021-04-20,D1,D1 Moderate drought,9.22513106
2021-04-27,D1,D1 Moderate drought,8.848006534
2021-05-04,D1,D1 Moderate drought,7.167884345
2021-05-11,D1,D1 Moderate drought,7.993548634
2021-05-18,D1,D1 Moderate drought,5.563778258
2021-05-25,D1,D1 Moderate drought,5.541284003
2021-06-01,D1,D1 Moderate drought,5.059602068
2021-06-08,D1,D1 Moderate drought,4.743591548
2021-06-15,D1,D1 Moderate drought,4.691394901
2021-06-22,D1,D1 Moderate drought,4.75921059
2021-06-29,D1,D1 Moderate drought,4.931974406
2021-07-06,D1,D1 Moderate drought,5.454737421
2021-07-13,D1,D1 Moderate drought,5.973442014
2021-07-20,D1,D1 Moderate drought,5.636813439
2021-07-27,D1,D1 Moderate drought,6.073104854
2021-08-03,D1,D1 Moderate drought,7.64966005
2021-08-10,D1,D1 Moderate drought,7.857094076
2021-08-17,D1,D1 Moderate drought,12.80146781
2021-08-24,D1,D1 Moderate drought,14.05790761
2021-08-31,D1,D1 Moderate drought,14.93750406
2021-09-07,D1,D1 Moderate drought,16.50865415
2021-09-14,D1,D1 Moderate drought,16.82272188
2021-09-21,D1,D1 Moderate drought,17.57715183
2021-09-28,D1,D1 Moderate drought,17.0086858
2021-10-05,D1,D1 Moderate drought,17.48678582
2021-10-12,D1,D1 Moderate drought,19.13937234
2021-10-19,D1,D1 Moderate drought,19.16878405
2021-10-26,D1,D1 Moderate drought,20.77193872
2021-11-02,D1,D1 Moderate drought,20.75435444
2021-11-09,D1,D1 Moderate drought,20.98195217
2021-11-16,D1,D1 Moderate drought,20.6957667
2021-11-23,D1,D1 Moderate drought,23.06555767
2021-11-30,D1,D1 Moderate drought,21.10320768
2021-12-07,D1,D1 Moderate drought,19.8457857
2021-12-14,D1,D1 Moderate drought,19.88324889
2021-12-21,D1,D1 Moderate drought,18.67754976
2021-12-28,D1,D1 Moderate drought,20.03707616
2022-01-04,D1,D1 Moderate drought,26.11879091
2022-01-11,D1,D1 Moderate drought,25.56887187
2022-01-18,D1,D1 Moderate drought,25.56887187
2022-01-25,D1,D1 Moderate drought,25.38096394
2022-02-01,D1,D1 Moderate drought,25.48821009
2022-02-08,D1,D1 Moderate drought,25.91866384
2022-02-15,D1,D1 Moderate drought,26.17264186
2022-02-22,D1,D1 Moderate drought,25.56695608
2022-03-01,D1,D1 Moderate drought,18.82014992
2022-03-08,D1,D1 Moderate drought,18.41997563
2022-03-15,D1,D1 Moderate drought,15.95100286
2022-03-22,D1,D1 Moderate drought,18.03031507
2022-03-29,D1,D1 Moderate drought,17.88039015
2022-04-05,D1,D1 Moderate drought,14.77424342
2022-04-12,D1,D1 Moderate drought,13.9867986
2022-04-19,D1,D1 Moderate drought,14.52099824
2022-04-26,D1,D1 Moderate drought,13.75803613
2022-05-03,D1,D1 Moderate drought,14.12148139
2022-05-10,D1,D1 Moderate drought,12.70312805
2022-05-17,D1,D1 Moderate drought,10.99518564
2022-05-24,D1,D1 Moderate drought,8.760887015
2022-05-31,D1,D1 Moderate drought,8.888967429
2022-06-07,D1,D1 Moderate drought,10.58472595
2022-06-14,D1,D1 Moderate drought,10.21552244
2022-06-21,D1,D1 Moderate drought,10.16934702
2022-06-28,D1,D1 Moderate drought,11.71267382
2022-07-05,D1,D1 Moderate drought,11.65586443
2022-07-12,D1,D1 Moderate drought,15.5472004
2022-07-19,D1,D1 Moderate drought,14.16418243
2022-07-26,D1,D1 Moderate drought,16.19733375
2022-08-02,D1,D1 Moderate drought,14.54011622
2022-08-09,D1,D1 Moderate drought,15.88218215
2022-08-16,D1,D1 Moderate drought,19.31145285
2022-08-23,D1,D1 Moderate drought,17.95634516
2022-08-30,D1,D1 Moderate drought,17.65888083
2022-09-06,D1,D1 Moderate drought,17.6986479
2022-09-13,D1,D1 Moderate drought,19.85248272
2022-09-20,D1,D1 Moderate drought,20.62485506
2022-09-27,D1,D1 Moderate drought,20.56470315
2022-10-04,D1,D1 Moderate drought,20.45300319
2022-10-11,D1,D1 Moderate drought,17.14758439
2022-10-18,D1,D1 Moderate drought,17.05049788
2022-10-25,D1,D1 Moderate drought,17.52642956
2022-11-01,D1,D1 Moderate drought,16.7625317
2022-11-08,D1,D1 Moderate drought,16.49371335
2022-11-15,D1,D1 Moderate drought,17.5470313
2022-11-22,D1,D1 Moderate drought,17.4547057
2022-11-29,D1,D1 Moderate drought,18.08871761
2022-12-06,D1,D1 Moderate drought,15.89627502
2022-12-13,D1,D1 Moderate drought,16.28173126
2022-12-20,D1,D1 Moderate drought,16.28173126
2022-12-27,D1,D1 Moderate drought,16.13724687
2023-01-03,D1,D1 Moderate drought,23.15618002
2023-01-10,D1,D1 Moderate drought,29.43722983
2023-01-17,D1,D1 Moderate drought,28.65194849
2023-01-24,D1,D1 Moderate drought,33.97662689
2023-01-31,D1,D1 Moderate drought,33.97662689
2023-02-07,D1,D1 Moderate drought,33.99800462
2023-02-14,D1,D1 Moderate drought,33.9160484
2023-02-21,D1,D1 Moderate drought,34.42654268
2023-02-28,D1,D1 Moderate drought,25.95560519
2023-03-07,D1,D1 Moderate drought,26.15132377
2023-03-14,D1,D1 Moderate drought,29.55622618
2023-03-21,D1,D1 Moderate drought,30.27611834
2023-03-28,D1,D1 Moderate drought,26.75686191
2023-04-04,D1,D1 Moderate drought,20.57283695
2023-04-11,D1,D1 Moderate drought,15.58043982
2023-04-18,D1,D1 Moderate drought,14.45639509
2023-04-25,D1,D1 Moderate drought,14.05795505
2023-05-02,D1,D1 Moderate drought,12.86855922
2023-05-09,D1,D1 Moderate drought,12.58157726
2023-05-16,D1,D1 Moderate drought,10.45599099
2023-05-23,D1,D1 Moderate drought,8.910511392
2023-05-30,D1,D1 Moderate drought,8.767102104
2023-06-06,D1,D1 Moderate drought,8.959785644
2023-06-13,D1,D1 Moderate drought,8.648171021
2023-06-20,D1,D1 Moderate drought,7.791226007
2023-06-27,D1,D1 Moderate drought,7.157906697
2023-07-04,D1,D1 Moderate drought,7.157906697
2023-07-11,D1,D1 Moderate drought,7.09273089
2023-07-18,D1,D1 Moderate drought,7.09273089
2023-07-25,D1,D1 Moderate drought,9.794699501
2023-08-01,D1,D1 Moderate drought,12.49065921
2023-08-08,D1,D1 Moderate drought,19.73180282
2023-08-15,D1,D1 Moderate drought,21.14983981
2023-08-22,D1,D1 Moderate drought,16.0426481
2023-08-29,D1,D1 Moderate drought,15.80372601
2023-09-05,D1,D1 Moderate drought,12.6094734
2023-09-12,D1,D1 Moderate drought,12.6094734
2023-09-19,D1,D1 Moderate drought,12.64343852
2023-09-26,D1,D1 Moderate drought,12.10200367
2023-10-03,D1,D1 Moderate drought,11.83873076
2023-10-10,D1,D1 Moderate drought,11.98279279
2023-10-17,D1,D1 Moderate drought,11.81446404
2023-10-24,D1,D1 Moderate drought,10.48228289
2023-10-31,D1,D1 Moderate drought,10.65859812
2023-11-07,D1,D1 Moderate drought,10.22306975
2023-11-14,D1,D1 Moderate drought,10.14482527
2023-11-21,D1,D1 Moderate drought,9.457819781
2023-11-28,D1,D1 Moderate drought,9.440676065
2023-12-05,D1,D1 Moderate drought,9.549925076
2023-12-12,D1,D1 Moderate drought,9.566576102
2023-12-19,D1,D1 Moderate drought,9.638349131
2023-12-26,D1,D1 Moderate drought,9.277756805
2000-01-04,D2,D2 Severe drought,0.017398882
2000-01-11,D2,D2 Severe drought,0.017398882
2000-01-18,D2,D2 Severe drought,0.017398882
2000-01-25,D2,D2 Severe drought,0.017398882
2000-02-01,D2,D2 Severe drought,0.020878659
2000-02-08,D2,D2 Severe drought,0.020878659
2000-02-15,D2,D2 Severe drought,0.020878659
2000-02-22,D2,D2 Severe drought,0.020878659
2000-02-29,D2,D2 Severe drought,1.035233488
2000-03-07,D2,D2 Severe drought,1.017834605
2000-03-14,D2,D2 Severe drought,1.017834605
2000-03-21,D2,D2 Severe drought,2.463681712
2000-03-28,D2,D2 Severe drought,1.872119719
2000-04-04,D2,D2 Severe drought,2.755982932
2000-04-11,D2,D2 Severe drought,2.755982932
2000-04-18,D2,D2 Severe drought,2.820358796
2000-04-25,D2,D2 Severe drought,2.820358796
2000-05-02,D2,D2 Severe drought,2.820358796
2000-05-09,D2,D2 Severe drought,2.820358796
2000-05-16,D2,D2 Severe drought,7.474771692
2000-05-23,D2,D2 Severe drought,7.473031804
2000-05-30,D2,D2 Severe drought,7.751413919
2000-06-06,D2,D2 Severe drought,7.626141967
2000-06-13,D2,D2 Severe drought,7.624402079
2000-06-20,D2,D2 Severe drought,7.511309345
2000-06-27,D2,D2 Severe drought,10.40812907
2000-07-04,D2,D2 Severe drought,0.513887768
2000-07-11,D2,D2 Severe drought,0.490055292
2000-07-18,D2,D2 Severe drought,0.461754226
2000-07-25,D2,D2 Severe drought,0.326207018
2000-08-01,D2,D2 Severe drought,0.326207018
2000-08-08,D2,D2 Severe drought,0.351529024
2000-08-15,D2,D2 Severe drought,2.651785521
2000-08-22,D2,D2 Severe drought,2.482063325
2000-08-29,D2,D2 Severe drought,2.360848437
2000-09-05,D2,D2 Severe drought,2.302167741
2000-09-12,D2,D2 Severe drought,3.435495637
2000-09-19,D2,D2 Severe drought,6.197912163
2000-09-26,D2,D2 Severe drought,6.066886088
2000-10-03,D2,D2 Severe drought,7.254716401
2000-10-10,D2,D2 Severe drought,7.598791895
2000-10-17,D2,D2 Severe drought,5.561862506
2000-10-24,D2,D2 Severe drought,2.427144059
2000-10-31,D2,D2 Severe drought,1.115268345
2000-11-07,D2,D2 Severe drought,0
2000-11-14,D2,D2 Severe drought,0
2000-11-21,D2,D2 Severe drought,0
2000-11-28,D2,D2 Severe drought,0
2000-12-05,D2,D2 Severe drought,0
2000-12-12,D2,D2 Severe drought,0
2000-12-19,D2,D2 Severe drought,0
2000-12-26,D2,D2 Severe drought,0
2001-01-02,D2,D2 Severe drought,0
2001-01-09,D2,D2 Severe drought,0
2001-01-16,D2,D2 Severe drought,0
2001-01-23,D2,D2 Severe drought,0
2001-01-30,D2,D2 Severe drought,0
2001-02-06,D2,D2 Severe drought,0
2001-02-13,D2,D2 Severe drought,0
2001-02-20,D2,D2 Severe drought,0
2001-02-27,D2,D2 Severe drought,0
2001-03-06,D2,D2 Severe drought,0
2001-03-13,D2,D2 Severe drought,0
2001-03-20,D2,D2 Severe drought,0.018739107
2001-03-27,D2,D2 Severe drought,0.018739107
2001-04-03,D2,D2 Severe drought,0.69365647
2001-04-10,D2,D2 Severe drought,0.69365647
2001-04-17,D2,D2 Severe drought,0.69365647
2001-04-24,D2,D2 Severe drought,0.69365647
2001-05-01,D2,D2 Severe drought,0.69365647
2001-05-08,D2,D2 Severe drought,0.813118276
2001-05-15,D2,D2 Severe drought,0.844529333
2001-05-22,D2,D2 Severe drought,0.844529333
2001-05-29,D2,D2 Severe drought,2.107584304
2001-06-05,D2,D2 Severe drought,2.764735676
2001-06-12,D2,D2 Severe drought,3.179516712
2001-06-19,D2,D2 Severe drought,7.693757151
2001-06-26,D2,D2 Severe drought,14.18939374
2001-07-03,D2,D2 Severe drought,8.865222698
2001-07-10,D2,D2 Severe drought,6.06875406
2001-07-17,D2,D2 Severe drought,7.293363641
2001-07-24,D2,D2 Severe drought,7.380358052
2001-07-31,D2,D2 Severe drought,6.62780095
2001-08-07,D2,D2 Severe drought,6.893149414
2001-08-14,D2,D2 Severe drought,6.313062884
2001-08-21,D2,D2 Severe drought,5.53829424
2001-08-28,D2,D2 Severe drought,5.81618574
2001-09-04,D2,D2 Severe drought,5.833584622
2001-09-11,D2,D2 Severe drought,7.762253827
2001-09-18,D2,D2 Severe drought,7.762253827
2001-09-25,D2,D2 Severe drought,7.762253827
2001-10-02,D2,D2 Severe drought,7.845036875
2001-10-09,D2,D2 Severe drought,7.849721652
2001-10-16,D2,D2 Severe drought,8.239456612
2001-10-23,D2,D2 Severe drought,8.239456612
2001-10-30,D2,D2 Severe drought,8.15785172
2001-11-06,D2,D2 Severe drought,8.425794505
2001-11-13,D2,D2 Severe drought,8.872945776
2001-11-20,D2,D2 Severe drought,7.957533663
2001-11-27,D2,D2 Severe drought,8.110610971
2001-12-04,D2,D2 Severe drought,8.689852612
2001-12-11,D2,D2 Severe drought,8.229599936
2001-12-18,D2,D2 Severe drought,9.087569065
2001-12-25,D2,D2 Severe drought,8.637189234
2002-01-01,D2,D2 Severe drought,7.828458327
2002-01-08,D2,D2 Severe drought,7.752327464
2002-01-15,D2,D2 Severe drought,6.547174939
2002-01-22,D2,D2 Severe drought,6.439703093
2002-01-29,D2,D2 Severe drought,6.080955672
2002-02-05,D2,D2 Severe drought,5.833313
2002-02-12,D2,D2 Severe drought,4.579115403
2002-02-19,D2,D2 Severe drought,4.367945475
2002-02-26,D2,D2 Severe drought,4.296763728
2002-03-05,D2,D2 Severe drought,3.875801345
2002-03-12,D2,D2 Severe drought,12.99722092
2002-03-19,D2,D2 Severe drought,10.38113128
2002-03-26,D2,D2 Severe drought,24.39581122
2002-04-02,D2,D2 Severe drought,37.68706919
2002-04-09,D2,D2 Severe drought,42.76907964
2002-04-16,D2,D2 Severe drought,50.33172894
2002-04-23,D2,D2 Severe drought,48.43871033
2002-04-30,D2,D2 Severe drought,41.64014271
2002-05-07,D2,D2 Severe drought,41.59855434
2002-05-14,D2,D2 Severe drought,24.36622193
2002-05-21,D2,D2 Severe drought,23.800532
2002-05-28,D2,D2 Severe drought,21.06807559
2002-06-04,D2,D2 Severe drought,21.87898639
2002-06-11,D2,D2 Severe drought,22.56754222
2002-06-18,D2,D2 Severe drought,21.37811002
2002-06-25,D2,D2 Severe drought,20.04321145
2002-07-02,D2,D2 Severe drought,18.65158901
2002-07-09,D2,D2 Severe drought,16.1518155
2002-07-16,D2,D2 Severe drought,13.96275532
2002-07-23,D2,D2 Severe drought,11.26972874
2002-07-30,D2,D2 Severe drought,22.40386436
2002-08-06,D2,D2 Severe drought,20.38439869
2002-08-13,D2,D2 Severe drought,20.43835626
2002-08-20,D2,D2 Severe drought,20.94941014
2002-08-27,D2,D2 Severe drought,23.14729751
2002-09-03,D2,D2 Severe drought,26.73662959
2002-09-10,D2,D2 Severe drought,29.90550736
2002-09-17,D2,D2 Severe drought,28.47235631
2002-09-24,D2,D2 Severe drought,28.32792767
2002-10-01,D2,D2 Severe drought,27.12646473
2002-10-08,D2,D2 Severe drought,26.47974456
2002-10-15,D2,D2 Severe drought,25.86418422
2002-10-22,D2,D2 Severe drought,25.87187846
2002-10-29,D2,D2 Severe drought,24.66876534
2002-11-05,D2,D2 Severe drought,30.12446184
2002-11-12,D2,D2 Severe drought,24.05998931
2002-11-19,D2,D2 Severe drought,23.70637995
2002-11-26,D2,D2 Severe drought,23.64097197
2002-12-03,D2,D2 Severe drought,24.80337334
2002-12-10,D2,D2 Severe drought,38.15929364
2002-12-17,D2,D2 Severe drought,36.84995198
2002-12-24,D2,D2 Severe drought,36.1741668
2002-12-31,D2,D2 Severe drought,35.10105512
2003-01-07,D2,D2 Severe drought,30.56620187
2003-01-14,D2,D2 Severe drought,27.85113013
2003-01-21,D2,D2 Severe drought,18.34894315
2003-01-28,D2,D2 Severe drought,16.45629113
2003-02-04,D2,D2 Severe drought,16.91940232
2003-02-11,D2,D2 Severe drought,18.68269168
2003-02-18,D2,D2 Severe drought,19.26203024
2003-02-25,D2,D2 Severe drought,18.45719579
2003-03-04,D2,D2 Severe drought,21.14471403
2003-03-11,D2,D2 Severe drought,22.86216724
2003-03-18,D2,D2 Severe drought,20.70744446
2003-03-25,D2,D2 Severe drought,20.74700013
2003-04-01,D2,D2 Severe drought,21.09289833
2003-04-08,D2,D2 Severe drought,20.86818092
2003-04-15,D2,D2 Severe drought,21.01658236
2003-04-22,D2,D2 Severe drought,20.79418638
2003-04-29,D2,D2 Severe drought,24.31353648
2003-05-06,D2,D2 Severe drought,24.33445741
2003-05-13,D2,D2 Severe drought,22.80509719
2003-05-20,D2,D2 Severe drought,30.39185524
2003-05-27,D2,D2 Severe drought,30.35393445
2003-06-03,D2,D2 Severe drought,28.83468233
2003-06-10,D2,D2 Severe drought,28.55102462
2003-06-17,D2,D2 Severe drought,24.63416287
2003-06-24,D2,D2 Severe drought,24.9427476
2003-07-01,D2,D2 Severe drought,26.49346547
2003-07-08,D2,D2 Severe drought,25.82003303
2003-07-15,D2,D2 Severe drought,24.29433739
2003-07-22,D2,D2 Severe drought,23.96080577
2003-07-29,D2,D2 Severe drought,24.03372923
2003-08-05,D2,D2 Severe drought,24.86273769
2003-08-12,D2,D2 Severe drought,25.81538236
2003-08-19,D2,D2 Severe drought,27.67842793
2003-08-26,D2,D2 Severe drought,28.28093668
2003-09-02,D2,D2 Severe drought,28.7648823
2003-09-09,D2,D2 Severe drought,26.01142043
2003-09-16,D2,D2 Severe drought,26.3773661
2003-09-23,D2,D2 Severe drought,26.49104192
2003-09-30,D2,D2 Severe drought,25.28517583
2003-10-07,D2,D2 Severe drought,27.49958571
2003-10-14,D2,D2 Severe drought,24.46865271
2003-10-21,D2,D2 Severe drought,26.65941592
2003-10-28,D2,D2 Severe drought,24.54625722
2003-11-04,D2,D2 Severe drought,23.71496736
2003-11-11,D2,D2 Severe drought,23.08518843
2003-11-18,D2,D2 Severe drought,22.25733652
2003-11-25,D2,D2 Severe drought,21.65970109
2003-12-02,D2,D2 Severe drought,21.58663646
2003-12-09,D2,D2 Severe drought,22.48696356
2003-12-16,D2,D2 Severe drought,22.63580213
2003-12-23,D2,D2 Severe drought,22.84274199
2003-12-30,D2,D2 Severe drought,29.40136295
2004-01-06,D2,D2 Severe drought,24.73887496
2004-01-13,D2,D2 Severe drought,26.37311324
2004-01-20,D2,D2 Severe drought,25.55270915
2004-01-27,D2,D2 Severe drought,24.94103306
2004-02-03,D2,D2 Severe drought,26.34387549
2004-02-10,D2,D2 Severe drought,26.98286859
2004-02-17,D2,D2 Severe drought,27.2527426
2004-02-24,D2,D2 Severe drought,27.2527426
2004-03-02,D2,D2 Severe drought,28.21452364
2004-03-09,D2,D2 Severe drought,28.30884773
2004-03-16,D2,D2 Severe drought,28.23783325
2004-03-23,D2,D2 Severe drought,28.00635529
2004-03-30,D2,D2 Severe drought,27.64950043
2004-04-06,D2,D2 Severe drought,31.81965537
2004-04-13,D2,D2 Severe drought,31.58745768
2004-04-20,D2,D2 Severe drought,31.58745768
2004-04-27,D2,D2 Severe drought,32.36997337
2004-05-04,D2,D2 Severe drought,33.08875515
2004-05-11,D2,D2 Severe drought,33.08875515
2004-05-18,D2,D2 Severe drought,33.08875515
2004-05-25,D2,D2 Severe drought,30.87903081
2004-06-01,D2,D2 Severe drought,30.67250552
2004-06-08,D2,D2 Severe drought,31.56219793
2004-06-15,D2,D2 Severe drought,31.65674099
2004-06-22,D2,D2 Severe drought,33.50025976
2004-06-29,D2,D2 Severe drought,31.94764379
2004-07-06,D2,D2 Severe drought,32.39462568
2004-07-13,D2,D2 Severe drought,35.76670967
2004-07-20,D2,D2 Severe drought,36.36230526
2004-07-27,D2,D2 Severe drought,33.43361556
2004-08-03,D2,D2 Severe drought,34.26457741
2004-08-10,D2,D2 Severe drought,31.96520978
2004-08-17,D2,D2 Severe drought,28.37658337
2004-08-24,D2,D2 Severe drought,28.53888199
2004-08-31,D2,D2 Severe drought,28.6026183
2004-09-07,D2,D2 Severe drought,28.92998782
2004-09-14,D2,D2 Severe drought,28.68775344
2004-09-21,D2,D2 Severe drought,31.11412322
2004-09-28,D2,D2 Severe drought,31.11263369
2004-10-05,D2,D2 Severe drought,31.10369651
2004-10-12,D2,D2 Severe drought,28.76088015
2004-10-19,D2,D2 Severe drought,28.0501031
2004-10-26,D2,D2 Severe drought,27.26850672
2004-11-02,D2,D2 Severe drought,27.08012976
2004-11-09,D2,D2 Severe drought,23.78587155
2004-11-16,D2,D2 Severe drought,22.56984959
2004-11-23,D2,D2 Severe drought,22.78759652
2004-11-30,D2,D2 Severe drought,24.25928918
2004-12-07,D2,D2 Severe drought,23.25989547
2004-12-14,D2,D2 Severe drought,22.6538925
2004-12-21,D2,D2 Severe drought,22.55698073
2004-12-28,D2,D2 Severe drought,21.64464272
2005-01-04,D2,D2 Severe drought,19.20730899
2005-01-11,D2,D2 Severe drought,16.62178116
2005-01-18,D2,D2 Severe drought,16.43088138
2005-01-25,D2,D2 Severe drought,16.43088138
2005-02-01,D2,D2 Severe drought,16.42282911
2005-02-08,D2,D2 Severe drought,13.29519932
2005-02-15,D2,D2 Severe drought,9.114408232
2005-02-22,D2,D2 Severe drought,8.081027964
2005-03-01,D2,D2 Severe drought,8.267412505
2005-03-08,D2,D2 Severe drought,8.267412505
2005-03-15,D2,D2 Severe drought,8.262362021
2005-03-22,D2,D2 Severe drought,8.262362021
2005-03-29,D2,D2 Severe drought,7.054719964
2005-04-05,D2,D2 Severe drought,6.183592778
2005-04-12,D2,D2 Severe drought,4.393263088
2005-04-19,D2,D2 Severe drought,1.852331141
2005-04-26,D2,D2 Severe drought,1.309712294
2005-05-03,D2,D2 Severe drought,1.04568664
2005-05-10,D2,D2 Severe drought,1.027434713
2005-05-17,D2,D2 Severe drought,0.192149339
2005-05-24,D2,D2 Severe drought,0.192149339
2005-05-31,D2,D2 Severe drought,0.192149339
2005-06-07,D2,D2 Severe drought,0.174274982
2005-06-14,D2,D2 Severe drought,0.174274982
2005-06-21,D2,D2 Severe drought,0.174274982
2005-06-28,D2,D2 Severe drought,0.174274982
2005-07-05,D2,D2 Severe drought,0.174274982
2005-07-12,D2,D2 Severe drought,0.174274982
2005-07-19,D2,D2 Severe drought,0.174274982
2005-07-26,D2,D2 Severe drought,0.174274982
2005-08-02,D2,D2 Severe drought,0.174274982
2005-08-09,D2,D2 Severe drought,0.174274982
2005-08-16,D2,D2 Severe drought,0.153421566
2005-08-23,D2,D2 Severe drought,0.153421566
2005-08-30,D2,D2 Severe drought,0.153421566
2005-09-06,D2,D2 Severe drought,0.153421566
2005-09-13,D2,D2 Severe drought,0.153421566
2005-09-20,D2,D2 Severe drought,0.153421566
2005-09-27,D2,D2 Severe drought,0.153421566
2005-10-04,D2,D2 Severe drought,0.153421566
2005-10-11,D2,D2 Severe drought,0
2005-10-18,D2,D2 Severe drought,0
2005-10-25,D2,D2 Severe drought,0
2005-11-01,D2,D2 Severe drought,0
2005-11-08,D2,D2 Severe drought,0
2005-11-15,D2,D2 Severe drought,0
2005-11-22,D2,D2 Severe drought,0
2005-11-29,D2,D2 Severe drought,0
2005-12-06,D2,D2 Severe drought,0
2005-12-13,D2,D2 Severe drought,0
2005-12-20,D2,D2 Severe drought,0
2005-12-27,D2,D2 Severe drought,0
2006-01-03,D2,D2 Severe drought,0
2006-01-10,D2,D2 Severe drought,1.583833306
2006-01-17,D2,D2 Severe drought,3.724432987
2006-01-24,D2,D2 Severe drought,8.402975511
2006-01-31,D2,D2 Severe drought,9.449407445
2006-02-07,D2,D2 Severe drought,9.776622479
2006-02-14,D2,D2 Severe drought,9.861877002
2006-02-21,D2,D2 Severe drought,13.52770413
2006-02-28,D2,D2 Severe drought,14.00688818
2006-03-07,D2,D2 Severe drought,13.74892247
2006-03-14,D2,D2 Severe drought,17.53116614
2006-03-21,D2,D2 Severe drought,17.13099185
2006-03-28,D2,D2 Severe drought,17.13099185
2006-04-04,D2,D2 Severe drought,17.13099185
2006-04-11,D2,D2 Severe drought,18.64592215
2006-04-18,D2,D2 Severe drought,18.56110549
2006-04-25,D2,D2 Severe drought,20.04294137
2006-05-02,D2,D2 Severe drought,19.23481605
2006-05-09,D2,D2 Severe drought,11.77686631
2006-05-16,D2,D2 Severe drought,12.41093781
2006-05-23,D2,D2 Severe drought,12.17757884
2006-05-30,D2,D2 Severe drought,13.4980301
2006-06-06,D2,D2 Severe drought,17.73778653
2006-06-13,D2,D2 Severe drought,16.29297272
2006-06-20,D2,D2 Severe drought,16.29297272
2006-06-27,D2,D2 Severe drought,17.39807734
2006-07-04,D2,D2 Severe drought,18.13695482
2006-07-11,D2,D2 Severe drought,18.48227775
2006-07-18,D2,D2 Severe drought,20.60245917
2006-07-25,D2,D2 Severe drought,20.61687899
2006-08-01,D2,D2 Severe drought,14.85216021
2006-08-08,D2,D2 Severe drought,13.43849001
2006-08-15,D2,D2 Severe drought,11.7204462
2006-08-22,D2,D2 Severe drought,9.027197348
2006-08-29,D2,D2 Severe drought,9.21804029
2006-09-05,D2,D2 Severe drought,9.726414262
2006-09-12,D2,D2 Severe drought,7.123310338
2006-09-19,D2,D2 Severe drought,4.878058749
2006-09-26,D2,D2 Severe drought,4.971899124
2006-10-03,D2,D2 Severe drought,4.971899124
2006-10-10,D2,D2 Severe drought,4.55302236
2006-10-17,D2,D2 Severe drought,4.55302236
2006-10-24,D2,D2 Severe drought,4.55302236
2006-10-31,D2,D2 Severe drought,4.289375592
2006-11-07,D2,D2 Severe drought,4.289375592
2006-11-14,D2,D2 Severe drought,4.289375592
2006-11-21,D2,D2 Severe drought,4.289375592
2006-11-28,D2,D2 Severe drought,4.347467253
2006-12-05,D2,D2 Severe drought,4.320655717
2006-12-12,D2,D2 Severe drought,4.320655717
2006-12-19,D2,D2 Severe drought,4.320655717
2006-12-26,D2,D2 Severe drought,3.593765193
2007-01-02,D2,D2 Severe drought,3.593765193
2007-01-09,D2,D2 Severe drought,6.057711158
2007-01-16,D2,D2 Severe drought,6.057711158
2007-01-23,D2,D2 Severe drought,10.38800493
2007-01-30,D2,D2 Severe drought,11.59433494
2007-02-06,D2,D2 Severe drought,14.58020357
2007-02-13,D2,D2 Severe drought,15.86851717
2007-02-20,D2,D2 Severe drought,15.84743567
2007-02-27,D2,D2 Severe drought,15.37632687
2007-03-06,D2,D2 Severe drought,15.37632687
2007-03-13,D2,D2 Severe drought,11.70936188
2007-03-20,D2,D2 Severe drought,12.59356042
2007-03-27,D2,D2 Severe drought,14.46998655
2007-04-03,D2,D2 Severe drought,14.24775316
2007-04-10,D2,D2 Severe drought,16.04256431
2007-04-17,D2,D2 Severe drought,21.23053961
2007-04-24,D2,D2 Severe drought,20.11234395
2007-05-01,D2,D2 Severe drought,20.23018255
2007-05-08,D2,D2 Severe drought,20.23018255
2007-05-15,D2,D2 Severe drought,23.21030426
2007-05-22,D2,D2 Severe drought,23.01120125
2007-05-29,D2,D2 Severe drought,23.00885886
2007-06-05,D2,D2 Severe drought,23.00885886
2007-06-12,D2,D2 Severe drought,23.01120125
2007-06-19,D2,D2 Severe drought,27.02520899
2007-06-26,D2,D2 Severe drought,26.28049097
2007-07-03,D2,D2 Severe drought,25.01098079
2007-07-10,D2,D2 Severe drought,29.06662066
2007-07-17,D2,D2 Severe drought,29.06896305
2007-07-24,D2,D2 Severe drought,41.21834325
2007-07-31,D2,D2 Severe drought,43.01450631
2007-08-07,D2,D2 Severe drought,36.75432644
2007-08-14,D2,D2 Severe drought,36.85882532
2007-08-21,D2,D2 Severe drought,36.79194873
2007-08-28,D2,D2 Severe drought,36.79663351
2007-09-04,D2,D2 Severe drought,36.74960523
2007-09-11,D2,D2 Severe drought,36.74960523
2007-09-18,D2,D2 Severe drought,36.74726284
2007-09-25,D2,D2 Severe drought,30.25223812
2007-10-02,D2,D2 Severe drought,30.14756137
2007-10-09,D2,D2 Severe drought,30.14990375
2007-10-16,D2,D2 Severe drought,30.14756137
2007-10-23,D2,D2 Severe drought,30.15224614
2007-10-30,D2,D2 Severe drought,28.61471083
2007-11-06,D2,D2 Severe drought,28.61471083
2007-11-13,D2,D2 Severe drought,28.0883194
2007-11-20,D2,D2 Severe drought,28.08597701
2007-11-27,D2,D2 Severe drought,28.08597701
2007-12-04,D2,D2 Severe drought,34.33928121
2007-12-11,D2,D2 Severe drought,34.33693882
2007-12-18,D2,D2 Severe drought,34.33693882
2007-12-25,D2,D2 Severe drought,34.33693882
2008-01-01,D2,D2 Severe drought,34.33459643
2008-01-08,D2,D2 Severe drought,28.12271379
2008-01-15,D2,D2 Severe drought,29.54446189
2008-01-22,D2,D2 Severe drought,29.54446189
2008-01-29,D2,D2 Severe drought,19.70824124
2008-02-05,D2,D2 Severe drought,16.34348275
2008-02-12,D2,D2 Severe drought,15.39868224
2008-02-19,D2,D2 Severe drought,15.39868224
2008-02-26,D2,D2 Severe drought,15.12484317
2008-03-04,D2,D2 Severe drought,14.51047145
2008-03-11,D2,D2 Severe drought,14.51047145
2008-03-18,D2,D2 Severe drought,14.51047145
2008-03-25,D2,D2 Severe drought,12.15386356
2008-04-01,D2,D2 Severe drought,5.096845378
2008-04-08,D2,D2 Severe drought,3.635385898
2008-04-15,D2,D2 Severe drought,6.739346472
2008-04-22,D2,D2 Severe drought,6.29189184
2008-04-29,D2,D2 Severe drought,7.323507623
2008-05-06,D2,D2 Severe drought,5.279164213
2008-05-13,D2,D2 Severe drought,5.279164213
2008-05-20,D2,D2 Severe drought,5.920065881
2008-05-27,D2,D2 Severe drought,5.828653365
2008-06-03,D2,D2 Severe drought,7.020476791
2008-06-10,D2,D2 Severe drought,7.064123388
2008-06-17,D2,D2 Severe drought,11.47242298
2008-06-24,D2,D2 Severe drought,11.47242298
2008-07-01,D2,D2 Severe drought,11.20448019
2008-07-08,D2,D2 Severe drought,11.05310992
2008-07-15,D2,D2 Severe drought,10.04833479
2008-07-22,D2,D2 Severe drought,7.51162245
2008-07-29,D2,D2 Severe drought,13.79703053
2008-08-05,D2,D2 Severe drought,14.26325334
2008-08-12,D2,D2 Severe drought,13.63318019
2008-08-19,D2,D2 Severe drought,13.5721506
2008-08-26,D2,D2 Severe drought,13.97035662
2008-09-02,D2,D2 Severe drought,14.2959486
2008-09-09,D2,D2 Severe drought,15.32516911
2008-09-16,D2,D2 Severe drought,15.12922653
2008-09-23,D2,D2 Severe drought,16.25308111
2008-09-30,D2,D2 Severe drought,16.25308111
2008-10-07,D2,D2 Severe drought,16.6793958
2008-10-14,D2,D2 Severe drought,16.23474237
2008-10-21,D2,D2 Severe drought,17.31572648
2008-10-28,D2,D2 Severe drought,17.27429426
2008-11-04,D2,D2 Severe drought,13.85702449
2008-11-11,D2,D2 Severe drought,14.17442307
2008-11-18,D2,D2 Severe drought,14.17442307
2008-11-25,D2,D2 Severe drought,14.17442307
2008-12-02,D2,D2 Severe drought,14.17442307
2008-12-09,D2,D2 Severe drought,15.64419008
2008-12-16,D2,D2 Severe drought,15.38886975
2008-12-23,D2,D2 Severe drought,14.30200155
2008-12-30,D2,D2 Severe drought,14.30200155
2009-01-06,D2,D2 Severe drought,13.8897412
2009-01-13,D2,D2 Severe drought,14.55029472
2009-01-20,D2,D2 Severe drought,13.29243217
2009-01-27,D2,D2 Severe drought,12.59440043
2009-02-03,D2,D2 Severe drought,13.43006854
2009-02-10,D2,D2 Severe drought,13.43006854
2009-02-17,D2,D2 Severe drought,12.88663444
2009-02-24,D2,D2 Severe drought,11.61703818
2009-03-03,D2,D2 Severe drought,12.2166896
2009-03-10,D2,D2 Severe drought,7.112085462
2009-03-17,D2,D2 Severe drought,7.112085462
2009-03-24,D2,D2 Severe drought,7.129539335
2009-03-31,D2,D2 Severe drought,7.132518395
2009-04-07,D2,D2 Severe drought,11.92594076
2009-04-14,D2,D2 Severe drought,11.92594076
2009-04-21,D2,D2 Severe drought,12.98201384
2009-04-28,D2,D2 Severe drought,12.98549362
2009-05-05,D2,D2 Severe drought,11.90465222
2009-05-12,D2,D2 Severe drought,12.55363053
2009-05-19,D2,D2 Severe drought,14.1525878
2009-05-26,D2,D2 Severe drought,11.34092844
2009-06-02,D2,D2 Severe drought,13.54146072
2009-06-09,D2,D2 Severe drought,13.73841697
2009-06-16,D2,D2 Severe drought,13.73683475
2009-06-23,D2,D2 Severe drought,12.81175011
2009-06-30,D2,D2 Severe drought,11.87569025
2009-07-07,D2,D2 Severe drought,12.71743474
2009-07-14,D2,D2 Severe drought,12.71743474
2009-07-21,D2,D2 Severe drought,12.71743474
2009-07-28,D2,D2 Severe drought,12.04931767
2009-08-04,D2,D2 Severe drought,12.04931767
2009-08-11,D2,D2 Severe drought,11.38455476
2009-08-18,D2,D2 Severe drought,11.38455476
2009-08-25,D2,D2 Severe drought,11.38455476
2009-09-01,D2,D2 Severe drought,12.09195605
2009-09-08,D2,D2 Severe drought,12.09195605
2009-09-15,D2,D2 Severe drought,12.09195605
2009-09-22,D2,D2 Severe drought,12.09195605
2009-09-29,D2,D2 Severe drought,12.09195605
2009-10-06,D2,D2 Severe drought,13.83727184
2009-10-13,D2,D2 Severe drought,21.68269603
2009-10-20,D2,D2 Severe drought,14.7762902
2009-10-27,D2,D2 Severe drought,14.42910799
2009-11-03,D2,D2 Severe drought,14.42910799
2009-11-10,D2,D2 Severe drought,14.7129257
2009-11-17,D2,D2 Severe drought,16.10885237
2009-11-24,D2,D2 Severe drought,18.18346281
2009-12-01,D2,D2 Severe drought,18.122567
2009-12-08,D2,D2 Severe drought,18.122567
2009-12-15,D2,D2 Severe drought,15.28904607
2009-12-22,D2,D2 Severe drought,15.28904607
2009-12-29,D2,D2 Severe drought,15.28904607
2010-01-05,D2,D2 Severe drought,15.21564397
2010-01-12,D2,D2 Severe drought,22.76781343
2010-01-19,D2,D2 Severe drought,21.07192425
2010-01-26,D2,D2 Severe drought,4.708949628
2010-02-02,D2,D2 Severe drought,5.015561876
2010-02-09,D2,D2 Severe drought,5.015561876
2010-02-16,D2,D2 Severe drought,5.573156783
2010-02-23,D2,D2 Severe drought,5.573156783
2010-03-02,D2,D2 Severe drought,5.573156783
2010-03-09,D2,D2 Severe drought,5.52581853
2010-03-16,D2,D2 Severe drought,5.190416177
2010-03-23,D2,D2 Severe drought,4.848304342
2010-03-30,D2,D2 Severe drought,4.236628246
2010-04-06,D2,D2 Severe drought,4.236628246
2010-04-13,D2,D2 Severe drought,3.538866361
2010-04-20,D2,D2 Severe drought,3.538866361
2010-04-27,D2,D2 Severe drought,3.538866361
2010-05-04,D2,D2 Severe drought,3.538866361
2010-05-11,D2,D2 Severe drought,3.536523973
2010-05-18,D2,D2 Severe drought,3.506072924
2010-05-25,D2,D2 Severe drought,3.270531983
2010-06-01,D2,D2 Severe drought,3.270531983
2010-06-08,D2,D2 Severe drought,3.270531983
2010-06-15,D2,D2 Severe drought,0.490099565
2010-06-22,D2,D2 Severe drought,0.490099565
2010-06-29,D2,D2 Severe drought,0.490099565
2010-07-06,D2,D2 Severe drought,0.742925685
2010-07-13,D2,D2 Severe drought,0.742925685
2010-07-20,D2,D2 Severe drought,0.742925685
2010-07-27,D2,D2 Severe drought,0.879941131
2010-08-03,D2,D2 Severe drought,0.636901828
2010-08-10,D2,D2 Severe drought,0.491730702
2010-08-17,D2,D2 Severe drought,0.491730702
2010-08-24,D2,D2 Severe drought,0.573287514
2010-08-31,D2,D2 Severe drought,0.573287514
2010-09-07,D2,D2 Severe drought,0.583074332
2010-09-14,D2,D2 Severe drought,0.583074332
2010-09-21,D2,D2 Severe drought,0.583074332
2010-09-28,D2,D2 Severe drought,0.583074332
2010-10-05,D2,D2 Severe drought,0.583074332
2010-10-12,D2,D2 Severe drought,0.583074332
2010-10-19,D2,D2 Severe drought,0.583074332
2010-10-26,D2,D2 Severe drought,0.044505379
2010-11-02,D2,D2 Severe drought,0.044505379
2010-11-09,D2,D2 Severe drought,0.044505379
2010-11-16,D2,D2 Severe drought,0.044505379
2010-11-23,D2,D2 Severe drought,0
2010-11-30,D2,D2 Severe drought,1.482082113
2010-12-07,D2,D2 Severe drought,1.482082113
2010-12-14,D2,D2 Severe drought,1.499956471
2010-12-21,D2,D2 Severe drought,1.508893649
2010-12-28,D2,D2 Severe drought,1.508893649
2011-01-04,D2,D2 Severe drought,1.508893649
2011-01-11,D2,D2 Severe drought,1.508893649
2011-01-18,D2,D2 Severe drought,1.508893649
2011-01-25,D2,D2 Severe drought,4.140253564
2011-02-01,D2,D2 Severe drought,7.530418094
2011-02-08,D2,D2 Severe drought,7.539878656
2011-02-15,D2,D2 Severe drought,7.361135084
2011-02-22,D2,D2 Severe drought,9.181058157
2011-03-01,D2,D2 Severe drought,13.10001096
2011-03-08,D2,D2 Severe drought,12.15699656
2011-03-15,D2,D2 Severe drought,10.61885733
2011-03-22,D2,D2 Severe drought,13.41408681
2011-03-29,D2,D2 Severe drought,18.66907793
2011-04-05,D2,D2 Severe drought,15.66062238
2011-04-12,D2,D2 Severe drought,15.59213154
2011-04-19,D2,D2 Severe drought,15.22958262
2011-04-26,D2,D2 Severe drought,10.61490454
2011-05-03,D2,D2 Severe drought,12.76554555
2011-05-10,D2,D2 Severe drought,12.76405602
2011-05-17,D2,D2 Severe drought,10.07395909
2011-05-24,D2,D2 Severe drought,8.841188487
2011-05-31,D2,D2 Severe drought,8.316328534
2011-06-07,D2,D2 Severe drought,7.386645889
2011-06-14,D2,D2 Severe drought,7.098430623
2011-06-21,D2,D2 Severe drought,6.581608098
2011-06-28,D2,D2 Severe drought,7.916362247
2011-07-05,D2,D2 Severe drought,7.937215664
2011-07-12,D2,D2 Severe drought,7.919159834
2011-07-19,D2,D2 Severe drought,7.609798551
2011-07-26,D2,D2 Severe drought,7.384376122
2011-08-02,D2,D2 Severe drought,7.36929357
2011-08-09,D2,D2 Severe drought,7.49277721
2011-08-16,D2,D2 Severe drought,7.787524491
2011-08-23,D2,D2 Severe drought,8.256169499
2011-08-30,D2,D2 Severe drought,9.569571832
2011-09-06,D2,D2 Severe drought,8.382854138
2011-09-13,D2,D2 Severe drought,9.465481127
2011-09-20,D2,D2 Severe drought,9.656455201
2011-09-27,D2,D2 Severe drought,9.656455201
2011-10-04,D2,D2 Severe drought,9.654965672
2011-10-11,D2,D2 Severe drought,10.71638122
2011-10-18,D2,D2 Severe drought,10.5128143
2011-10-25,D2,D2 Severe drought,10.5128143
2011-11-01,D2,D2 Severe drought,9.492492938
2011-11-08,D2,D2 Severe drought,9.266456317
2011-11-15,D2,D2 Severe drought,9.318119106
2011-11-22,D2,D2 Severe drought,9.318119106
2011-11-29,D2,D2 Severe drought,9.354381158
2011-12-06,D2,D2 Severe drought,9.429659206
2011-12-13,D2,D2 Severe drought,12.57552214
2011-12-20,D2,D2 Severe drought,13.67631554
2011-12-27,D2,D2 Severe drought,16.21829222
2012-01-03,D2,D2 Severe drought,15.56810617
2012-01-10,D2,D2 Severe drought,16.31323328
2012-01-17,D2,D2 Severe drought,14.82963459
2012-01-24,D2,D2 Severe drought,14.08450748
2012-01-31,D2,D2 Severe drought,13.84440291
2012-02-07,D2,D2 Severe drought,13.9513914
2012-02-14,D2,D2 Severe drought,13.16299234
2012-02-21,D2,D2 Severe drought,15.12353183
2012-02-28,D2,D2 Severe drought,25.38388299
2012-03-06,D2,D2 Severe drought,26.62747319
2012-03-13,D2,D2 Severe drought,35.51537481
2012-03-20,D2,D2 Severe drought,32.97353089
2012-03-27,D2,D2 Severe drought,34.32752877
2012-04-03,D2,D2 Severe drought,35.98903189
2012-04-10,D2,D2 Severe drought,36.08861307
2012-04-17,D2,D2 Severe drought,34.64012921
2012-04-24,D2,D2 Severe drought,36.60591641
2012-05-01,D2,D2 Severe drought,36.05664984
2012-05-08,D2,D2 Severe drought,37.49732681
2012-05-15,D2,D2 Severe drought,39.59357539
2012-05-22,D2,D2 Severe drought,44.16043067
2012-05-29,D2,D2 Severe drought,44.39756739
2012-06-05,D2,D2 Severe drought,44.21318972
2012-06-12,D2,D2 Severe drought,44.68943848
2012-06-19,D2,D2 Severe drought,48.57648517
2012-06-26,D2,D2 Severe drought,50.53647133
2012-07-03,D2,D2 Severe drought,47.08719046
2012-07-10,D2,D2 Severe drought,45.72293865
2012-07-17,D2,D2 Severe drought,45.69285983
2012-07-24,D2,D2 Severe drought,45.16869827
2012-07-31,D2,D2 Severe drought,45.68227541
2012-08-07,D2,D2 Severe drought,45.91304219
2012-08-14,D2,D2 Severe drought,46.28023881
2012-08-21,D2,D2 Severe drought,46.73866453
2012-08-28,D2,D2 Severe drought,37.9686835
2012-09-04,D2,D2 Severe drought,39.42942917
2012-09-11,D2,D2 Severe drought,37.23474339
2012-09-18,D2,D2 Severe drought,35.67922855
2012-09-25,D2,D2 Severe drought,35.67922855
2012-10-02,D2,D2 Severe drought,36.10144579
2012-10-09,D2,D2 Severe drought,35.46525671
2012-10-16,D2,D2 Severe drought,35.32629787
2012-10-23,D2,D2 Severe drought,34.1155915
2012-10-30,D2,D2 Severe drought,35.4876074
2012-11-06,D2,D2 Severe drought,35.78738183
2012-11-13,D2,D2 Severe drought,34.68465016
2012-11-20,D2,D2 Severe drought,36.28324904
2012-11-27,D2,D2 Severe drought,40.79830401
2012-12-04,D2,D2 Severe drought,39.95097802
2012-12-11,D2,D2 Severe drought,40.57505297
2012-12-18,D2,D2 Severe drought,39.88089653
2012-12-25,D2,D2 Severe drought,39.66305441
2013-01-01,D2,D2 Severe drought,39.75335985
2013-01-08,D2,D2 Severe drought,40.26516831
2013-01-15,D2,D2 Severe drought,40.07203375
2013-01-22,D2,D2 Severe drought,40.07203375
2013-01-29,D2,D2 Severe drought,40.7177723
2013-02-05,D2,D2 Severe drought,41.86300472
2013-02-12,D2,D2 Severe drought,41.13539268
2013-02-19,D2,D2 Severe drought,36.89216657
2013-02-26,D2,D2 Severe drought,37.58846442
2013-03-05,D2,D2 Severe drought,36.86154199
2013-03-12,D2,D2 Severe drought,35.51453476
2013-03-19,D2,D2 Severe drought,35.51421943
2013-03-26,D2,D2 Severe drought,35.82442456
2013-04-02,D2,D2 Severe drought,35.82442456
2013-04-09,D2,D2 Severe drought,35.55222266
2013-04-16,D2,D2 Severe drought,36.62566907
2013-04-23,D2,D2 Severe drought,37.16129059
2013-04-30,D2,D2 Severe drought,40.01141581
2013-05-07,D2,D2 Severe drought,43.3966152
2013-05-14,D2,D2 Severe drought,42.5988267
2013-05-21,D2,D2 Severe drought,43.2341563
2013-05-28,D2,D2 Severe drought,43.23266677
2013-06-04,D2,D2 Severe drought,45.76682971
2013-06-11,D2,D2 Severe drought,45.65933746
2013-06-18,D2,D2 Severe drought,44.24677974
2013-06-25,D2,D2 Severe drought,51.29413069
2013-07-02,D2,D2 Severe drought,51.13765674
2013-07-09,D2,D2 Severe drought,51.17702309
2013-07-16,D2,D2 Severe drought,53.6206019
2013-07-23,D2,D2 Severe drought,53.090499
2013-07-30,D2,D2 Severe drought,52.82221104
2013-08-06,D2,D2 Severe drought,51.1747999
2013-08-13,D2,D2 Severe drought,48.58430897
2013-08-20,D2,D2 Severe drought,51.58486116
2013-08-27,D2,D2 Severe drought,50.64223605
2013-09-03,D2,D2 Severe drought,48.12067561
2013-09-10,D2,D2 Severe drought,48.69309336
2013-09-17,D2,D2 Severe drought,41.57642124
2013-09-24,D2,D2 Severe drought,39.9274077
2013-10-01,D2,D2 Severe drought,38.33294766
2013-10-08,D2,D2 Severe drought,38.33294766
2013-10-15,D2,D2 Severe drought,38.31380889
2013-10-22,D2,D2 Severe drought,38.31380889
2013-10-29,D2,D2 Severe drought,38.31380889
2013-11-05,D2,D2 Severe drought,38.32076845
2013-11-12,D2,D2 Severe drought,38.33468755
2013-11-19,D2,D2 Severe drought,34.43843477
2013-11-26,D2,D2 Severe drought,32.10539142
2013-12-03,D2,D2 Severe drought,32.10539142
2013-12-10,D2,D2 Severe drought,31.83597366
2013-12-17,D2,D2 Severe drought,31.91095086
2013-12-24,D2,D2 Severe drought,31.62807299
2013-12-31,D2,D2 Severe drought,32.34711487
2014-01-07,D2,D2 Severe drought,34.38454097
2014-01-14,D2,D2 Severe drought,25.27409693
2014-01-21,D2,D2 Severe drought,25.27409693
2014-01-28,D2,D2 Severe drought,27.2179196
2014-02-04,D2,D2 Severe drought,27.23705837
2014-02-11,D2,D2 Severe drought,30.19901302
2014-02-18,D2,D2 Severe drought,29.92055462
2014-02-25,D2,D2 Severe drought,29.66637555
2014-03-04,D2,D2 Severe drought,30.49109995
2014-03-11,D2,D2 Severe drought,30.17497519
2014-03-18,D2,D2 Severe drought,31.58288364
2014-03-25,D2,D2 Severe drought,32.0898522
2014-04-01,D2,D2 Severe drought,32.58233572
2014-04-08,D2,D2 Severe drought,33.35025461
2014-04-15,D2,D2 Severe drought,35.4725754
2014-04-22,D2,D2 Severe drought,33.58917028
2014-04-29,D2,D2 Severe drought,33.8887964
2014-05-06,D2,D2 Severe drought,33.89927938
2014-05-13,D2,D2 Severe drought,37.10527647
2014-05-20,D2,D2 Severe drought,36.64072632
2014-05-27,D2,D2 Severe drought,36.39540208
2014-06-03,D2,D2 Severe drought,36.43541951
2014-06-10,D2,D2 Severe drought,35.81917257
2014-06-17,D2,D2 Severe drought,35.91130597
2014-06-24,D2,D2 Severe drought,35.91130597
2014-07-01,D2,D2 Severe drought,31.44293022
2014-07-08,D2,D2 Severe drought,31.15560887
2014-07-15,D2,D2 Severe drought,29.2179159
2014-07-22,D2,D2 Severe drought,30.65109187
2014-07-29,D2,D2 Severe drought,28.92636253
2014-08-05,D2,D2 Severe drought,30.11629093
2014-08-12,D2,D2 Severe drought,29.80960524
2014-08-19,D2,D2 Severe drought,29.00942387
2014-08-26,D2,D2 Severe drought,27.2402996
2014-09-02,D2,D2 Severe drought,26.06407811
2014-09-09,D2,D2 Severe drought,25.30309874
2014-09-16,D2,D2 Severe drought,24.3250759
2014-09-23,D2,D2 Severe drought,19.48525667
2014-09-30,D2,D2 Severe drought,19.16298036
2014-10-07,D2,D2 Severe drought,19.16744895
2014-10-14,D2,D2 Severe drought,19.27643498
2014-10-21,D2,D2 Severe drought,19.99837998
2014-10-28,D2,D2 Severe drought,19.99837998
2014-11-04,D2,D2 Severe drought,19.97842715
2014-11-11,D2,D2 Severe drought,19.97842715
2014-11-18,D2,D2 Severe drought,19.72052423
2014-11-25,D2,D2 Severe drought,19.72052423
2014-12-02,D2,D2 Severe drought,19.55621361
2014-12-09,D2,D2 Severe drought,19.55621361
2014-12-16,D2,D2 Severe drought,19.96613158
2014-12-23,D2,D2 Severe drought,19.96613158
2014-12-30,D2,D2 Severe drought,19.94505008
2015-01-06,D2,D2 Severe drought,19.98870126
2015-01-13,D2,D2 Severe drought,20.08942396
2015-01-20,D2,D2 Severe drought,20.82425265
2015-01-27,D2,D2 Severe drought,20.55843859
2015-02-03,D2,D2 Severe drought,17.47604916
2015-02-10,D2,D2 Severe drought,19.79345405
2015-02-17,D2,D2 Severe drought,19.43949748
2015-02-24,D2,D2 Severe drought,19.95728931
2015-03-03,D2,D2 Severe drought,18.92315721
2015-03-10,D2,D2 Severe drought,19.68908279
2015-03-17,D2,D2 Severe drought,21.11195683
2015-03-24,D2,D2 Severe drought,23.51969637
2015-03-31,D2,D2 Severe drought,30.27351737
2015-04-07,D2,D2 Severe drought,31.42652374
2015-04-14,D2,D2 Severe drought,31.42652374
2015-04-21,D2,D2 Severe drought,31.2863939
2015-04-28,D2,D2 Severe drought,29.73656428
2015-05-05,D2,D2 Severe drought,28.80300649
2015-05-12,D2,D2 Severe drought,27.07861912
2015-05-19,D2,D2 Severe drought,23.49699488
2015-05-26,D2,D2 Severe drought,22.23185069
2015-06-02,D2,D2 Severe drought,21.52913418
2015-06-09,D2,D2 Severe drought,20.50235013
2015-06-16,D2,D2 Severe drought,18.48893083
2015-06-23,D2,D2 Severe drought,18.0148115
2015-06-30,D2,D2 Severe drought,18.0148115
2015-07-07,D2,D2 Severe drought,18.006875
2015-07-14,D2,D2 Severe drought,18.006875
2015-07-21,D2,D2 Severe drought,14.89194479
2015-07-28,D2,D2 Severe drought,16.10393028
2015-08-04,D2,D2 Severe drought,16.10393028
2015-08-11,D2,D2 Severe drought,15.95416106
2015-08-18,D2,D2 Severe drought,15.25472958
2015-08-25,D2,D2 Severe drought,15.25472958
2015-09-01,D2,D2 Severe drought,15.25472958
2015-09-08,D2,D2 Severe drought,15.25472958
2015-09-15,D2,D2 Severe drought,15.25472958
2015-09-22,D2,D2 Severe drought,14.96601846
2015-09-29,D2,D2 Severe drought,14.88119938
2015-10-06,D2,D2 Severe drought,14.85588375
2015-10-13,D2,D2 Severe drought,14.85588375
2015-10-20,D2,D2 Severe drought,14.69218179
2015-10-27,D2,D2 Severe drought,14.50623226
2015-11-03,D2,D2 Severe drought,15.14542452
2015-11-10,D2,D2 Severe drought,15.00193344
2015-11-17,D2,D2 Severe drought,13.97978975
2015-11-24,D2,D2 Severe drought,13.97978975
2015-12-01,D2,D2 Severe drought,13.45215107
2015-12-08,D2,D2 Severe drought,13.79413977
2015-12-15,D2,D2 Severe drought,13.44631739
2015-12-22,D2,D2 Severe drought,13.30660551
2015-12-29,D2,D2 Severe drought,12.59217706
2016-01-05,D2,D2 Severe drought,12.30671084
2016-01-12,D2,D2 Severe drought,12.09955654
2016-01-19,D2,D2 Severe drought,8.177318334
2016-01-26,D2,D2 Severe drought,9.158779059
2016-02-02,D2,D2 Severe drought,9.178540148
2016-02-09,D2,D2 Severe drought,8.537802824
2016-02-16,D2,D2 Severe drought,8.537802824
2016-02-23,D2,D2 Severe drought,8.664291796
2016-03-01,D2,D2 Severe drought,8.861052418
2016-03-08,D2,D2 Severe drought,9.050653084
2016-03-15,D2,D2 Severe drought,8.118382515
2016-03-22,D2,D2 Severe drought,7.948028742
2016-03-29,D2,D2 Severe drought,7.955055907
2016-04-05,D2,D2 Severe drought,8.695518074
2016-04-12,D2,D2 Severe drought,8.79288871
2016-04-19,D2,D2 Severe drought,10.13070388
2016-04-26,D2,D2 Severe drought,10.13070388
2016-05-03,D2,D2 Severe drought,8.545290625
2016-05-10,D2,D2 Severe drought,8.071860732
2016-05-17,D2,D2 Severe drought,9.891886775
2016-05-24,D2,D2 Severe drought,8.051769781
2016-05-31,D2,D2 Severe drought,6.520796064
2016-06-07,D2,D2 Severe drought,7.671204428
2016-06-14,D2,D2 Severe drought,8.489418563
2016-06-21,D2,D2 Severe drought,8.489418563
2016-06-28,D2,D2 Severe drought,8.489418563
2016-07-05,D2,D2 Severe drought,8.489418563
2016-07-12,D2,D2 Severe drought,8.489418563
2016-07-19,D2,D2 Severe drought,8.489418563
2016-07-26,D2,D2 Severe drought,8.610122646
2016-08-02,D2,D2 Severe drought,7.832070652
2016-08-09,D2,D2 Severe drought,7.832070652
2016-08-16,D2,D2 Severe drought,7.649383391
2016-08-23,D2,D2 Severe drought,7.847730647
2016-08-30,D2,D2 Severe drought,7.649383391
2016-09-06,D2,D2 Severe drought,7.784229621
2016-09-13,D2,D2 Severe drought,9.132883115
2016-09-20,D2,D2 Severe drought,9.098867849
2016-09-27,D2,D2 Severe drought,8.927576692
2016-10-04,D2,D2 Severe drought,8.927576692
2016-10-11,D2,D2 Severe drought,8.927576692
2016-10-18,D2,D2 Severe drought,8.817484438
2016-10-25,D2,D2 Severe drought,8.817484438
2016-11-01,D2,D2 Severe drought,8.720686354
2016-11-08,D2,D2 Severe drought,6.210755168
2016-11-15,D2,D2 Severe drought,6.531004067
2016-11-22,D2,D2 Severe drought,6.531004067
2016-11-29,D2,D2 Severe drought,6.531004067
2016-12-06,D2,D2 Severe drought,6.623354912
2016-12-13,D2,D2 Severe drought,6.639739739
2016-12-20,D2,D2 Severe drought,6.590109267
2016-12-27,D2,D2 Severe drought,6.150562319
2017-01-03,D2,D2 Severe drought,5.836682278
2017-01-10,D2,D2 Severe drought,5.980853474
2017-01-17,D2,D2 Severe drought,5.403568137
2017-01-24,D2,D2 Severe drought,6.399083192
2017-01-31,D2,D2 Severe drought,4.525893412
2017-02-07,D2,D2 Severe drought,2.600450176
2017-02-14,D2,D2 Severe drought,1.775929471
2017-02-21,D2,D2 Severe drought,1.325242918
2017-02-28,D2,D2 Severe drought,1.299476646
2017-03-07,D2,D2 Severe drought,0.560315152
2017-03-14,D2,D2 Severe drought,0.91439086
2017-03-21,D2,D2 Severe drought,1.021637003
2017-03-28,D2,D2 Severe drought,0.735647289
2017-04-04,D2,D2 Severe drought,0.737136819
2017-04-11,D2,D2 Severe drought,0.285809301
2017-04-18,D2,D2 Severe drought,0.285809301
2017-04-25,D2,D2 Severe drought,0.285809301
2017-05-02,D2,D2 Severe drought,0.285809301
2017-05-09,D2,D2 Severe drought,0.285809301
2017-05-16,D2,D2 Severe drought,0.285809301
2017-05-23,D2,D2 Severe drought,0.285809301
2017-05-30,D2,D2 Severe drought,0.285809301
2017-06-06,D2,D2 Severe drought,0.285809301
2017-06-13,D2,D2 Severe drought,0.285809301
2017-06-20,D2,D2 Severe drought,0.285809301
2017-06-27,D2,D2 Severe drought,0.285809301
2017-07-04,D2,D2 Severe drought,0.285809301
2017-07-11,D2,D2 Severe drought,0.285809301
2017-07-18,D2,D2 Severe drought,0.285809301
2017-07-25,D2,D2 Severe drought,0.285809301
2017-08-01,D2,D2 Severe drought,0.285809301
2017-08-08,D2,D2 Severe drought,0.285809301
2017-08-15,D2,D2 Severe drought,0.009369553
2017-08-22,D2,D2 Severe drought,0.009369553
2017-08-29,D2,D2 Severe drought,0.009369553
2017-09-05,D2,D2 Severe drought,0.009369553
2017-09-12,D2,D2 Severe drought,0.009369553
2017-09-19,D2,D2 Severe drought,0.009369553
2017-09-26,D2,D2 Severe drought,0
2017-10-03,D2,D2 Severe drought,0
2017-10-10,D2,D2 Severe drought,0
2017-10-17,D2,D2 Severe drought,0
2017-10-24,D2,D2 Severe drought,0
2017-10-31,D2,D2 Severe drought,0.334382933
2017-11-07,D2,D2 Severe drought,0.334382933
2017-11-14,D2,D2 Severe drought,0.334382933
2017-11-21,D2,D2 Severe drought,0.334382933
2017-11-28,D2,D2 Severe drought,0.334382933
2017-12-05,D2,D2 Severe drought,0.334382933
2017-12-12,D2,D2 Severe drought,0.334382933
2017-12-19,D2,D2 Severe drought,2.671053077
2017-12-26,D2,D2 Severe drought,2.671053077
2018-01-02,D2,D2 Severe drought,8.971839339
2018-01-09,D2,D2 Severe drought,12.24462959
2018-01-16,D2,D2 Severe drought,14.04391496
2018-01-23,D2,D2 Severe drought,26.95802255
2018-01-30,D2,D2 Severe drought,32.09691567
2018-02-06,D2,D2 Severe drought,35.43754113
2018-02-13,D2,D2 Severe drought,39.61863861
2018-02-20,D2,D2 Severe drought,37.27974448
2018-02-27,D2,D2 Severe drought,36.35647299
2018-03-06,D2,D2 Severe drought,35.38876522
2018-03-13,D2,D2 Severe drought,33.46668803
2018-03-20,D2,D2 Severe drought,30.77908271
2018-03-27,D2,D2 Severe drought,25.64475755
2018-04-03,D2,D2 Severe drought,25.38131561
2018-04-10,D2,D2 Severe drought,23.87858152
2018-04-17,D2,D2 Severe drought,23.85498678
2018-04-24,D2,D2 Severe drought,23.16809159
2018-05-01,D2,D2 Severe drought,21.82049919
2018-05-08,D2,D2 Severe drought,19.30166423
2018-05-15,D2,D2 Severe drought,21.16759144
2018-05-22,D2,D2 Severe drought,19.29203335
2018-05-29,D2,D2 Severe drought,19.09843314
2018-06-05,D2,D2 Severe drought,18.90254105
2018-06-12,D2,D2 Severe drought,19.46816477
2018-06-19,D2,D2 Severe drought,19.71116005
2018-06-26,D2,D2 Severe drought,19.2408966
2018-07-03,D2,D2 Severe drought,19.19913929
2018-07-10,D2,D2 Severe drought,18.34643076
2018-07-17,D2,D2 Severe drought,19.04292866
2018-07-24,D2,D2 Severe drought,20.43473125
2018-07-31,D2,D2 Severe drought,20.71233676
2018-08-07,D2,D2 Severe drought,23.33393676
2018-08-14,D2,D2 Severe drought,23.13077357
2018-08-21,D2,D2 Severe drought,23.66045066
2018-08-28,D2,D2 Severe drought,23.30690635
2018-09-04,D2,D2 Severe drought,23.53341108
2018-09-11,D2,D2 Severe drought,23.53886891
2018-09-18,D2,D2 Severe drought,23.38458538
2018-09-25,D2,D2 Severe drought,25.29061854
2018-10-02,D2,D2 Severe drought,25.40779284
2018-10-09,D2,D2 Severe drought,24.54956285
2018-10-16,D2,D2 Severe drought,25.26223571
2018-10-23,D2,D2 Severe drought,24.68556665
2018-10-30,D2,D2 Severe drought,23.62608154
2018-11-06,D2,D2 Severe drought,22.74845919
2018-11-13,D2,D2 Severe drought,22.50443516
2018-11-20,D2,D2 Severe drought,21.97353637
2018-11-27,D2,D2 Severe drought,21.91475363
2018-12-04,D2,D2 Severe drought,23.65507036
2018-12-11,D2,D2 Severe drought,23.53388745
2018-12-18,D2,D2 Severe drought,23.67108826
2018-12-25,D2,D2 Severe drought,23.51784555
2019-01-01,D2,D2 Severe drought,22.80947831
2019-01-08,D2,D2 Severe drought,22.42802827
2019-01-15,D2,D2 Severe drought,20.29469415
2019-01-22,D2,D2 Severe drought,15.48615286
2019-01-29,D2,D2 Severe drought,11.38875452
2019-02-05,D2,D2 Severe drought,11.36570597
2019-02-12,D2,D2 Severe drought,10.81528645
2019-02-19,D2,D2 Severe drought,12.20071158
2019-02-26,D2,D2 Severe drought,9.820786477
2019-03-05,D2,D2 Severe drought,6.182990593
2019-03-12,D2,D2 Severe drought,5.039070171
2019-03-19,D2,D2 Severe drought,3.299910451
2019-03-26,D2,D2 Severe drought,2.794260472
2019-04-02,D2,D2 Severe drought,2.794260472
2019-04-09,D2,D2 Severe drought,2.794260472
2019-04-16,D2,D2 Severe drought,2.794260472
2019-04-23,D2,D2 Severe drought,1.174424545
2019-04-30,D2,D2 Severe drought,1.174424545
2019-05-07,D2,D2 Severe drought,0.21400625
2019-05-14,D2,D2 Severe drought,0.156589939
2019-05-21,D2,D2 Severe drought,0
2019-05-28,D2,D2 Severe drought,0
2019-06-04,D2,D2 Severe drought,0
2019-06-11,D2,D2 Severe drought,0
2019-06-18,D2,D2 Severe drought,0
2019-06-25,D2,D2 Severe drought,0
2019-07-02,D2,D2 Severe drought,0
2019-07-09,D2,D2 Severe drought,0
2019-07-16,D2,D2 Severe drought,0
2019-07-23,D2,D2 Severe drought,0
2019-07-30,D2,D2 Severe drought,0
2019-08-06,D2,D2 Severe drought,0
2019-08-13,D2,D2 Severe drought,0
2019-08-20,D2,D2 Severe drought,0
2019-08-27,D2,D2 Severe drought,0.504567582
2019-09-03,D2,D2 Severe drought,0.504567582
2019-09-10,D2,D2 Severe drought,3.760595517
2019-09-17,D2,D2 Severe drought,5.393195419
2019-09-24,D2,D2 Severe drought,5.393195419
2019-10-01,D2,D2 Severe drought,5.370359511
2019-10-08,D2,D2 Severe drought,9.001848769
2019-10-15,D2,D2 Severe drought,10.63014372
2019-10-22,D2,D2 Severe drought,16.64570195
2019-10-29,D2,D2 Severe drought,16.64570195
2019-11-05,D2,D2 Severe drought,16.64570195
2019-11-12,D2,D2 Severe drought,19.26673286
2019-11-19,D2,D2 Severe drought,19.58056281
2019-11-26,D2,D2 Severe drought,19.23130696
2019-12-03,D2,D2 Severe drought,15.40653362
2019-12-10,D2,D2 Severe drought,14.58374826
2019-12-17,D2,D2 Severe drought,13.03456159
2019-12-24,D2,D2 Severe drought,13.03456159
2019-12-31,D2,D2 Severe drought,12.08099449
2020-01-07,D2,D2 Severe drought,8.461356867
2020-01-14,D2,D2 Severe drought,8.461356867
2020-01-21,D2,D2 Severe drought,8.461356867
2020-01-28,D2,D2 Severe drought,5.223357287
2020-02-04,D2,D2 Severe drought,5.223357287
2020-02-11,D2,D2 Severe drought,5.095800042
2020-02-18,D2,D2 Severe drought,5.095800042
2020-02-25,D2,D2 Severe drought,4.92344293
2020-03-03,D2,D2 Severe drought,4.92344293
2020-03-10,D2,D2 Severe drought,4.92344293
2020-03-17,D2,D2 Severe drought,4.774982972
2020-03-24,D2,D2 Severe drought,4.770380331
2020-03-31,D2,D2 Severe drought,4.618684659
2020-04-07,D2,D2 Severe drought,5.16367792
2020-04-14,D2,D2 Severe drought,8.359373131
2020-04-21,D2,D2 Severe drought,11.74482135
2020-04-28,D2,D2 Severe drought,13.10131979
2020-05-05,D2,D2 Severe drought,13.39080996
2020-05-12,D2,D2 Severe drought,15.11193355
2020-05-19,D2,D2 Severe drought,16.59900578
2020-05-26,D2,D2 Severe drought,17.0328686
2020-06-02,D2,D2 Severe drought,18.96490308
2020-06-09,D2,D2 Severe drought,18.4098878
2020-06-16,D2,D2 Severe drought,19.80489298
2020-06-23,D2,D2 Severe drought,20.23036133
2020-06-30,D2,D2 Severe drought,22.65598315
2020-07-07,D2,D2 Severe drought,22.4813947
2020-07-14,D2,D2 Severe drought,21.99230942
2020-07-21,D2,D2 Severe drought,25.54717437
2020-07-28,D2,D2 Severe drought,29.14372649
2020-08-04,D2,D2 Severe drought,32.52624382
2020-08-11,D2,D2 Severe drought,32.06742388
2020-08-18,D2,D2 Severe drought,43.17653478
2020-08-25,D2,D2 Severe drought,41.69415926
2020-09-01,D2,D2 Severe drought,42.01446232
2020-09-08,D2,D2 Severe drought,33.69503006
2020-09-15,D2,D2 Severe drought,32.9415654
2020-09-22,D2,D2 Severe drought,30.29027958
2020-09-29,D2,D2 Severe drought,25.73223082
2020-10-06,D2,D2 Severe drought,23.40515592
2020-10-13,D2,D2 Severe drought,23.27872418
2020-10-20,D2,D2 Severe drought,17.36140661
2020-10-27,D2,D2 Severe drought,17.63250102
2020-11-03,D2,D2 Severe drought,17.46155643
2020-11-10,D2,D2 Severe drought,19.0812546
2020-11-17,D2,D2 Severe drought,18.51313473
2020-11-24,D2,D2 Severe drought,16.91254786
2020-12-01,D2,D2 Severe drought,16.2101956
2020-12-08,D2,D2 Severe drought,21.19434115
2020-12-15,D2,D2 Severe drought,19.70796745
2020-12-22,D2,D2 Severe drought,19.70796745
2020-12-29,D2,D2 Severe drought,19.70796745
2021-01-05,D2,D2 Severe drought,19.68922835
2021-01-12,D2,D2 Severe drought,19.46272432
2021-01-19,D2,D2 Severe drought,19.23047346
2021-01-26,D2,D2 Severe drought,17.90396462
2021-02-02,D2,D2 Severe drought,16.98004702
2021-02-09,D2,D2 Severe drought,16.97422039
2021-02-16,D2,D2 Severe drought,19.02144732
2021-02-23,D2,D2 Severe drought,19.31646918
2021-03-02,D2,D2 Severe drought,19.20946807
2021-03-09,D2,D2 Severe drought,20.26661255
2021-03-16,D2,D2 Severe drought,20.48198212
2021-03-23,D2,D2 Severe drought,20.6899162
2021-03-30,D2,D2 Severe drought,20.62263701
2021-04-06,D2,D2 Severe drought,20.70264712
2021-04-13,D2,D2 Severe drought,21.77670381
2021-04-20,D2,D2 Severe drought,20.96088464
2021-04-27,D2,D2 Severe drought,20.67981607
2021-05-04,D2,D2 Severe drought,16.43294487
2021-05-11,D2,D2 Severe drought,15.56852829
2021-05-18,D2,D2 Severe drought,15.04834588
2021-05-25,D2,D2 Severe drought,14.31805437
2021-06-01,D2,D2 Severe drought,14.42592744
2021-06-08,D2,D2 Severe drought,12.55207713
2021-06-15,D2,D2 Severe drought,12.40775244
2021-06-22,D2,D2 Severe drought,12.46284359
2021-06-29,D2,D2 Severe drought,11.57955735
2021-07-06,D2,D2 Severe drought,11.8600706
2021-07-13,D2,D2 Severe drought,10.87515237
2021-07-20,D2,D2 Severe drought,12.21807231
2021-07-27,D2,D2 Severe drought,17.26969372
2021-08-03,D2,D2 Severe drought,20.5789091
2021-08-10,D2,D2 Severe drought,20.60427799
2021-08-17,D2,D2 Severe drought,17.14616028
2021-08-24,D2,D2 Severe drought,20.76446112
2021-08-31,D2,D2 Severe drought,20.04002725
2021-09-07,D2,D2 Severe drought,17.88469365
2021-09-14,D2,D2 Severe drought,17.88469365
2021-09-21,D2,D2 Severe drought,18.11910775
2021-09-28,D2,D2 Severe drought,18.45708161
2021-10-05,D2,D2 Severe drought,19.37541052
2021-10-12,D2,D2 Severe drought,21.0035114
2021-10-19,D2,D2 Severe drought,21.03846967
2021-10-26,D2,D2 Severe drought,24.32606106
2021-11-02,D2,D2 Severe drought,25.69388981
2021-11-09,D2,D2 Severe drought,26.53043807
2021-11-16,D2,D2 Severe drought,27.5328916
2021-11-23,D2,D2 Severe drought,26.84431448
2021-11-30,D2,D2 Severe drought,29.24603994
2021-12-07,D2,D2 Severe drought,30.8883033
2021-12-14,D2,D2 Severe drought,30.8731324
2021-12-21,D2,D2 Severe drought,31.32799765
2021-12-28,D2,D2 Severe drought,44.67866242
2022-01-04,D2,D2 Severe drought,45.81454589
2022-01-11,D2,D2 Severe drought,49.95687282
2022-01-18,D2,D2 Severe drought,50.08944097
2022-01-25,D2,D2 Severe drought,48.36886822
2022-02-01,D2,D2 Severe drought,48.52284099
2022-02-08,D2,D2 Severe drought,49.42838339
2022-02-15,D2,D2 Severe drought,49.58386932
2022-02-22,D2,D2 Severe drought,48.57435738
2022-03-01,D2,D2 Severe drought,54.64802349
2022-03-08,D2,D2 Severe drought,55.48423012
2022-03-15,D2,D2 Severe drought,51.67564156
2022-03-22,D2,D2 Severe drought,47.70142462
2022-03-29,D2,D2 Severe drought,46.16169775
2022-04-05,D2,D2 Severe drought,50.02934155
2022-04-12,D2,D2 Severe drought,47.1647324
2022-04-19,D2,D2 Severe drought,45.83336556
2022-04-26,D2,D2 Severe drought,47.78028712
2022-05-03,D2,D2 Severe drought,45.06854974
2022-05-10,D2,D2 Severe drought,39.5228171
2022-05-17,D2,D2 Severe drought,36.49454595
2022-05-24,D2,D2 Severe drought,35.06654567
2022-05-31,D2,D2 Severe drought,35.0512243
2022-06-07,D2,D2 Severe drought,31.84631769
2022-06-14,D2,D2 Severe drought,30.95256074
2022-06-21,D2,D2 Severe drought,31.44624396
2022-06-28,D2,D2 Severe drought,37.00655279
2022-07-05,D2,D2 Severe drought,36.97182729
2022-07-12,D2,D2 Severe drought,36.63574481
2022-07-19,D2,D2 Severe drought,37.76402096
2022-07-26,D2,D2 Severe drought,35.97009484
2022-08-02,D2,D2 Severe drought,35.06343393
2022-08-09,D2,D2 Severe drought,38.40575191
2022-08-16,D2,D2 Severe drought,37.84922905
2022-08-23,D2,D2 Severe drought,39.46363831
2022-08-30,D2,D2 Severe drought,38.74644033
2022-09-06,D2,D2 Severe drought,39.92703732
2022-09-13,D2,D2 Severe drought,38.29779973
2022-09-20,D2,D2 Severe drought,36.9188219
2022-09-27,D2,D2 Severe drought,34.73188429
2022-10-04,D2,D2 Severe drought,34.57995593
2022-10-11,D2,D2 Severe drought,34.28118319
2022-10-18,D2,D2 Severe drought,32.26526016
2022-10-25,D2,D2 Severe drought,31.602252
2022-11-01,D2,D2 Severe drought,31.66755357
2022-11-08,D2,D2 Severe drought,32.29905636
2022-11-15,D2,D2 Severe drought,31.93439674
2022-11-22,D2,D2 Severe drought,32.00639489
2022-11-29,D2,D2 Severe drought,32.13324864
2022-12-06,D2,D2 Severe drought,35.86221817
2022-12-13,D2,D2 Severe drought,37.33328794
2022-12-20,D2,D2 Severe drought,37.50011528
2022-12-27,D2,D2 Severe drought,37.50011528
2023-01-03,D2,D2 Severe drought,31.45028207
2023-01-10,D2,D2 Severe drought,30.03251719
2023-01-17,D2,D2 Severe drought,29.33792075
2023-01-24,D2,D2 Severe drought,25.43353168
2023-01-31,D2,D2 Severe drought,25.43353168
2023-02-07,D2,D2 Severe drought,25.58300409
2023-02-14,D2,D2 Severe drought,26.26671133
2023-02-21,D2,D2 Severe drought,25.56134957
2023-02-28,D2,D2 Severe drought,22.68702214
2023-03-07,D2,D2 Severe drought,20.57684392
2023-03-14,D2,D2 Severe drought,14.453276
2023-03-21,D2,D2 Severe drought,12.07654488
2023-03-28,D2,D2 Severe drought,6.643447437
2023-04-04,D2,D2 Severe drought,5.38157085
2023-04-11,D2,D2 Severe drought,4.819656773
2023-04-18,D2,D2 Severe drought,4.91013096
2023-04-25,D2,D2 Severe drought,4.634364345
2023-05-02,D2,D2 Severe drought,4.034407874
2023-05-09,D2,D2 Severe drought,3.827760282
2023-05-16,D2,D2 Severe drought,3.165948274
2023-05-23,D2,D2 Severe drought,3.460740458
2023-05-30,D2,D2 Severe drought,3.275725304
2023-06-06,D2,D2 Severe drought,2.323368964
2023-06-13,D2,D2 Severe drought,1.943122383
2023-06-20,D2,D2 Severe drought,1.645601498
2023-06-27,D2,D2 Severe drought,1.645601498
2023-07-04,D2,D2 Severe drought,1.645601498
2023-07-11,D2,D2 Severe drought,1.115268345
2023-07-18,D2,D2 Severe drought,1.115268345
2023-07-25,D2,D2 Severe drought,1.430188112
2023-08-01,D2,D2 Severe drought,2.260114791
2023-08-08,D2,D2 Severe drought,2.510658693
2023-08-15,D2,D2 Severe drought,2.59243344
2023-08-22,D2,D2 Severe drought,7.940201563
2023-08-29,D2,D2 Severe drought,7.874937854
2023-09-05,D2,D2 Severe drought,11.85822062
2023-09-12,D2,D2 Severe drought,11.85822062
2023-09-19,D2,D2 Severe drought,8.883669005
2023-09-26,D2,D2 Severe drought,9.378663124
2023-10-03,D2,D2 Severe drought,10.26716816
2023-10-10,D2,D2 Severe drought,10.81959098
2023-10-17,D2,D2 Severe drought,10.81959098
2023-10-24,D2,D2 Severe drought,12.16082571
2023-10-31,D2,D2 Severe drought,12.05655863
2023-11-07,D2,D2 Severe drought,12.80915236
2023-11-14,D2,D2 Severe drought,12.63731786
2023-11-21,D2,D2 Severe drought,12.59382066
2023-11-28,D2,D2 Severe drought,13.34366202
2023-12-05,D2,D2 Severe drought,13.27822368
2023-12-12,D2,D2 Severe drought,13.10246767
2023-12-19,D2,D2 Severe drought,12.84322432
2023-12-26,D2,D2 Severe drought,12.65673103
2000-01-04,D3,D3 Extreme drought,0
2000-01-11,D3,D3 Extreme drought,0
2000-01-18,D3,D3 Extreme drought,0
2000-01-25,D3,D3 Extreme drought,0
2000-02-01,D3,D3 Extreme drought,0
2000-02-08,D3,D3 Extreme drought,0
2000-02-15,D3,D3 Extreme drought,0
2000-02-22,D3,D3 Extreme drought,0
2000-02-29,D3,D3 Extreme drought,0
2000-03-07,D3,D3 Extreme drought,0
2000-03-14,D3,D3 Extreme drought,0
2000-03-21,D3,D3 Extreme drought,0
2000-03-28,D3,D3 Extreme drought,0
2000-04-04,D3,D3 Extreme drought,0
2000-04-11,D3,D3 Extreme drought,0
2000-04-18,D3,D3 Extreme drought,0
2000-04-25,D3,D3 Extreme drought,0
2000-05-02,D3,D3 Extreme drought,0
2000-05-09,D3,D3 Extreme drought,0
2000-05-16,D3,D3 Extreme drought,0
2000-05-23,D3,D3 Extreme drought,0
2000-05-30,D3,D3 Extreme drought,2.307091772
2000-06-06,D3,D3 Extreme drought,2.279253561
2000-06-13,D3,D3 Extreme drought,2.279253561
2000-06-20,D3,D3 Extreme drought,2.12440351
2000-06-27,D3,D3 Extreme drought,0
2000-07-04,D3,D3 Extreme drought,0.00297906
2000-07-11,D3,D3 Extreme drought,0.00297906
2000-07-18,D3,D3 Extreme drought,0
2000-07-25,D3,D3 Extreme drought,0
2000-08-01,D3,D3 Extreme drought,0
2000-08-08,D3,D3 Extreme drought,0
2000-08-15,D3,D3 Extreme drought,0.005958119
2000-08-22,D3,D3 Extreme drought,0.005958119
2000-08-29,D3,D3 Extreme drought,0.007447649
2000-09-05,D3,D3 Extreme drought,0.007447649
2000-09-12,D3,D3 Extreme drought,0.034259185
2000-09-19,D3,D3 Extreme drought,0.034259185
2000-09-26,D3,D3 Extreme drought,0
2000-10-03,D3,D3 Extreme drought,0
2000-10-10,D3,D3 Extreme drought,0.123532063
2000-10-17,D3,D3 Extreme drought,0.069595529
2000-10-24,D3,D3 Extreme drought,0
2000-10-31,D3,D3 Extreme drought,0
2000-11-07,D3,D3 Extreme drought,0
2000-11-14,D3,D3 Extreme drought,0
2000-11-21,D3,D3 Extreme drought,0
2000-11-28,D3,D3 Extreme drought,0
2000-12-05,D3,D3 Extreme drought,0
2000-12-12,D3,D3 Extreme drought,0
2000-12-19,D3,D3 Extreme drought,0
2000-12-26,D3,D3 Extreme drought,0
2001-01-02,D3,D3 Extreme drought,0
2001-01-09,D3,D3 Extreme drought,0
2001-01-16,D3,D3 Extreme drought,0
2001-01-23,D3,D3 Extreme drought,0
2001-01-30,D3,D3 Extreme drought,0
2001-02-06,D3,D3 Extreme drought,0
2001-02-13,D3,D3 Extreme drought,0
2001-02-20,D3,D3 Extreme drought,0
2001-02-27,D3,D3 Extreme drought,0
2001-03-06,D3,D3 Extreme drought,0
2001-03-13,D3,D3 Extreme drought,0
2001-03-20,D3,D3 Extreme drought,0
2001-03-27,D3,D3 Extreme drought,0
2001-04-03,D3,D3 Extreme drought,0.135858525
2001-04-10,D3,D3 Extreme drought,0.135858525
2001-04-17,D3,D3 Extreme drought,0.135858525
2001-04-24,D3,D3 Extreme drought,0.135858525
2001-05-01,D3,D3 Extreme drought,0.135858525
2001-05-08,D3,D3 Extreme drought,0.016396719
2001-05-15,D3,D3 Extreme drought,0.011711942
2001-05-22,D3,D3 Extreme drought,0.011711942
2001-05-29,D3,D3 Extreme drought,0.009369553
2001-06-05,D3,D3 Extreme drought,0.011711942
2001-06-12,D3,D3 Extreme drought,0.011711942
2001-06-19,D3,D3 Extreme drought,0.046847767
2001-06-26,D3,D3 Extreme drought,0.217842118
2001-07-03,D3,D3 Extreme drought,8.087972835
2001-07-10,D3,D3 Extreme drought,7.962625258
2001-07-17,D3,D3 Extreme drought,7.962625258
2001-07-24,D3,D3 Extreme drought,7.962625258
2001-07-31,D3,D3 Extreme drought,8.62523323
2001-08-07,D3,D3 Extreme drought,8.482891772
2001-08-14,D3,D3 Extreme drought,9.049139414
2001-08-21,D3,D3 Extreme drought,10.61699722
2001-08-28,D3,D3 Extreme drought,11.33602081
2001-09-04,D3,D3 Extreme drought,11.33602081
2001-09-11,D3,D3 Extreme drought,11.47533195
2001-09-18,D3,D3 Extreme drought,11.47533195
2001-09-25,D3,D3 Extreme drought,11.47533195
2001-10-02,D3,D3 Extreme drought,11.38786413
2001-10-09,D3,D3 Extreme drought,11.38786413
2001-10-16,D3,D3 Extreme drought,11.38786413
2001-10-23,D3,D3 Extreme drought,11.38786413
2001-10-30,D3,D3 Extreme drought,11.21686978
2001-11-06,D3,D3 Extreme drought,11.79103289
2001-11-13,D3,D3 Extreme drought,11.79103289
2001-11-20,D3,D3 Extreme drought,11.64314239
2001-11-27,D3,D3 Extreme drought,11.49240747
2001-12-04,D3,D3 Extreme drought,7.497327836
2001-12-11,D3,D3 Extreme drought,7.225511449
2001-12-18,D3,D3 Extreme drought,5.856901657
2001-12-25,D3,D3 Extreme drought,4.48868682
2002-01-01,D3,D3 Extreme drought,4.015122503
2002-01-08,D3,D3 Extreme drought,0.26272312
2002-01-15,D3,D3 Extreme drought,0.271422561
2002-01-22,D3,D3 Extreme drought,0.271422561
2002-01-29,D3,D3 Extreme drought,0.301000661
2002-02-05,D3,D3 Extreme drought,0.257503456
2002-02-12,D3,D3 Extreme drought,0
2002-02-19,D3,D3 Extreme drought,0
2002-02-26,D3,D3 Extreme drought,0
2002-03-05,D3,D3 Extreme drought,0
2002-03-12,D3,D3 Extreme drought,0
2002-03-19,D3,D3 Extreme drought,0
2002-03-26,D3,D3 Extreme drought,0
2002-04-02,D3,D3 Extreme drought,0
2002-04-09,D3,D3 Extreme drought,0
2002-04-16,D3,D3 Extreme drought,0
2002-04-23,D3,D3 Extreme drought,11.49284252
2002-04-30,D3,D3 Extreme drought,22.02782008
2002-05-07,D3,D3 Extreme drought,22.07872427
2002-05-14,D3,D3 Extreme drought,40.35922006
2002-05-21,D3,D3 Extreme drought,40.69430472
2002-05-28,D3,D3 Extreme drought,35.24853344
2002-06-04,D3,D3 Extreme drought,34.19639503
2002-06-11,D3,D3 Extreme drought,35.23967284
2002-06-18,D3,D3 Extreme drought,37.25842368
2002-06-25,D3,D3 Extreme drought,37.20047722
2002-07-02,D3,D3 Extreme drought,34.27945694
2002-07-09,D3,D3 Extreme drought,33.96506856
2002-07-16,D3,D3 Extreme drought,37.66823069
2002-07-23,D3,D3 Extreme drought,40.62534492
2002-07-30,D3,D3 Extreme drought,35.43221916
2002-08-06,D3,D3 Extreme drought,35.84892138
2002-08-13,D3,D3 Extreme drought,35.96902278
2002-08-20,D3,D3 Extreme drought,35.41137799
2002-08-27,D3,D3 Extreme drought,36.95831313
2002-09-03,D3,D3 Extreme drought,31.69200875
2002-09-10,D3,D3 Extreme drought,31.84111602
2002-09-17,D3,D3 Extreme drought,31.44122417
2002-09-24,D3,D3 Extreme drought,32.78661585
2002-10-01,D3,D3 Extreme drought,32.20850861
2002-10-08,D3,D3 Extreme drought,31.68659692
2002-10-15,D3,D3 Extreme drought,32.09912702
2002-10-22,D3,D3 Extreme drought,32.32756311
2002-10-29,D3,D3 Extreme drought,32.24469585
2002-11-05,D3,D3 Extreme drought,31.51136571
2002-11-12,D3,D3 Extreme drought,27.11756537
2002-11-19,D3,D3 Extreme drought,27.22217502
2002-11-26,D3,D3 Extreme drought,27.35154906
2002-12-03,D3,D3 Extreme drought,26.20630319
2002-12-10,D3,D3 Extreme drought,26.36631753
2002-12-17,D3,D3 Extreme drought,26.67387804
2002-12-24,D3,D3 Extreme drought,26.63022369
2002-12-31,D3,D3 Extreme drought,26.42543545
2003-01-07,D3,D3 Extreme drought,30.80553356
2003-01-14,D3,D3 Extreme drought,33.72988117
2003-01-21,D3,D3 Extreme drought,42.88062333
2003-01-28,D3,D3 Extreme drought,45.03703808
2003-02-04,D3,D3 Extreme drought,44.83557832
2003-02-11,D3,D3 Extreme drought,45.58671399
2003-02-18,D3,D3 Extreme drought,44.09439749
2003-02-25,D3,D3 Extreme drought,43.83545975
2003-03-04,D3,D3 Extreme drought,39.48446699
2003-03-11,D3,D3 Extreme drought,37.64616999
2003-03-18,D3,D3 Extreme drought,37.34819437
2003-03-25,D3,D3 Extreme drought,36.49345635
2003-04-01,D3,D3 Extreme drought,35.58854723
2003-04-08,D3,D3 Extreme drought,35.85988103
2003-04-15,D3,D3 Extreme drought,35.22231729
2003-04-22,D3,D3 Extreme drought,34.95181936
2003-04-29,D3,D3 Extreme drought,33.02799167
2003-05-06,D3,D3 Extreme drought,33.09667271
2003-05-13,D3,D3 Extreme drought,34.48723368
2003-05-20,D3,D3 Extreme drought,34.03672864
2003-05-27,D3,D3 Extreme drought,34.13870561
2003-06-03,D3,D3 Extreme drought,33.81183357
2003-06-10,D3,D3 Extreme drought,32.20359909
2003-06-17,D3,D3 Extreme drought,35.21169115
2003-06-24,D3,D3 Extreme drought,34.29526782
2003-07-01,D3,D3 Extreme drought,34.17670419
2003-07-08,D3,D3 Extreme drought,35.01192713
2003-07-15,D3,D3 Extreme drought,38.91113471
2003-07-22,D3,D3 Extreme drought,38.56132417
2003-07-29,D3,D3 Extreme drought,36.94363223
2003-08-05,D3,D3 Extreme drought,36.68692117
2003-08-12,D3,D3 Extreme drought,37.2313247
2003-08-19,D3,D3 Extreme drought,36.34759232
2003-08-26,D3,D3 Extreme drought,37.30003906
2003-09-02,D3,D3 Extreme drought,37.40585884
2003-09-09,D3,D3 Extreme drought,37.54208432
2003-09-16,D3,D3 Extreme drought,37.4681924
2003-09-23,D3,D3 Extreme drought,37.5143212
2003-09-30,D3,D3 Extreme drought,37.04737643
2003-10-07,D3,D3 Extreme drought,36.05127067
2003-10-14,D3,D3 Extreme drought,38.61341181
2003-10-21,D3,D3 Extreme drought,37.17663656
2003-10-28,D3,D3 Extreme drought,37.21948992
2003-11-04,D3,D3 Extreme drought,36.87691791
2003-11-11,D3,D3 Extreme drought,36.63849162
2003-11-18,D3,D3 Extreme drought,36.0840944
2003-11-25,D3,D3 Extreme drought,36.25165313
2003-12-02,D3,D3 Extreme drought,35.67347497
2003-12-09,D3,D3 Extreme drought,35.5433034
2003-12-16,D3,D3 Extreme drought,36.16096951
2003-12-23,D3,D3 Extreme drought,35.29693068
2003-12-30,D3,D3 Extreme drought,29.65043345
2004-01-06,D3,D3 Extreme drought,30.33691909
2004-01-13,D3,D3 Extreme drought,30.61299427
2004-01-20,D3,D3 Extreme drought,30.56119855
2004-01-27,D3,D3 Extreme drought,30.08958138
2004-02-03,D3,D3 Extreme drought,30.03182942
2004-02-10,D3,D3 Extreme drought,29.37467167
2004-02-17,D3,D3 Extreme drought,29.12890484
2004-02-24,D3,D3 Extreme drought,29.12890484
2004-03-02,D3,D3 Extreme drought,25.60098234
2004-03-09,D3,D3 Extreme drought,26.79447454
2004-03-16,D3,D3 Extreme drought,26.77865228
2004-03-23,D3,D3 Extreme drought,27.4242195
2004-03-30,D3,D3 Extreme drought,28.58732841
2004-04-06,D3,D3 Extreme drought,22.94298836
2004-04-13,D3,D3 Extreme drought,22.10060749
2004-04-20,D3,D3 Extreme drought,22.10060749
2004-04-27,D3,D3 Extreme drought,20.60809867
2004-05-04,D3,D3 Extreme drought,20.29021109
2004-05-11,D3,D3 Extreme drought,20.27684795
2004-05-18,D3,D3 Extreme drought,20.24526235
2004-05-25,D3,D3 Extreme drought,24.08451199
2004-06-01,D3,D3 Extreme drought,24.08451199
2004-06-08,D3,D3 Extreme drought,24.04551145
2004-06-15,D3,D3 Extreme drought,24.03444607
2004-06-22,D3,D3 Extreme drought,22.10848408
2004-06-29,D3,D3 Extreme drought,21.92680988
2004-07-06,D3,D3 Extreme drought,21.92532035
2004-07-13,D3,D3 Extreme drought,22.14236277
2004-07-20,D3,D3 Extreme drought,22.14236277
2004-07-27,D3,D3 Extreme drought,22.74114091
2004-08-03,D3,D3 Extreme drought,22.74114091
2004-08-10,D3,D3 Extreme drought,25.27771333
2004-08-17,D3,D3 Extreme drought,26.91081955
2004-08-24,D3,D3 Extreme drought,26.65212301
2004-08-31,D3,D3 Extreme drought,26.65212301
2004-09-07,D3,D3 Extreme drought,26.0952243
2004-09-14,D3,D3 Extreme drought,26.11223193
2004-09-21,D3,D3 Extreme drought,23.68586216
2004-09-28,D3,D3 Extreme drought,23.68586216
2004-10-05,D3,D3 Extreme drought,23.68586216
2004-10-12,D3,D3 Extreme drought,24.68760405
2004-10-19,D3,D3 Extreme drought,24.68760405
2004-10-26,D3,D3 Extreme drought,19.48618355
2004-11-02,D3,D3 Extreme drought,19.51220177
2004-11-09,D3,D3 Extreme drought,18.29497755
2004-11-16,D3,D3 Extreme drought,18.07912266
2004-11-23,D3,D3 Extreme drought,17.58771249
2004-11-30,D3,D3 Extreme drought,12.36281941
2004-12-07,D3,D3 Extreme drought,12.36281941
2004-12-14,D3,D3 Extreme drought,12.32959265
2004-12-21,D3,D3 Extreme drought,12.31258502
2004-12-28,D3,D3 Extreme drought,12.31258502
2005-01-04,D3,D3 Extreme drought,9.919050839
2005-01-11,D3,D3 Extreme drought,5.388980221
2005-01-18,D3,D3 Extreme drought,4.614726403
2005-01-25,D3,D3 Extreme drought,4.614726403
2005-02-01,D3,D3 Extreme drought,4.36789907
2005-02-08,D3,D3 Extreme drought,3.63278385
2005-02-15,D3,D3 Extreme drought,2.595380188
2005-02-22,D3,D3 Extreme drought,2.595380188
2005-03-01,D3,D3 Extreme drought,1.06286736
2005-03-08,D3,D3 Extreme drought,1.06286736
2005-03-15,D3,D3 Extreme drought,0.641711513
2005-03-22,D3,D3 Extreme drought,0.641711513
2005-03-29,D3,D3 Extreme drought,0.458639441
2005-04-05,D3,D3 Extreme drought,0.351366926
2005-04-12,D3,D3 Extreme drought,0.029155942
2005-04-19,D3,D3 Extreme drought,0.029155942
2005-04-26,D3,D3 Extreme drought,0.001214831
2005-05-03,D3,D3 Extreme drought,0
2005-05-10,D3,D3 Extreme drought,0
2005-05-17,D3,D3 Extreme drought,0
2005-05-24,D3,D3 Extreme drought,0
2005-05-31,D3,D3 Extreme drought,0
2005-06-07,D3,D3 Extreme drought,0
2005-06-14,D3,D3 Extreme drought,0
2005-06-21,D3,D3 Extreme drought,0
2005-06-28,D3,D3 Extreme drought,0
2005-07-05,D3,D3 Extreme drought,0
2005-07-12,D3,D3 Extreme drought,0
2005-07-19,D3,D3 Extreme drought,0
2005-07-26,D3,D3 Extreme drought,0
2005-08-02,D3,D3 Extreme drought,0
2005-08-09,D3,D3 Extreme drought,0
2005-08-16,D3,D3 Extreme drought,0
2005-08-23,D3,D3 Extreme drought,0
2005-08-30,D3,D3 Extreme drought,0
2005-09-06,D3,D3 Extreme drought,0
2005-09-13,D3,D3 Extreme drought,0
2005-09-20,D3,D3 Extreme drought,0
2005-09-27,D3,D3 Extreme drought,0
2005-10-04,D3,D3 Extreme drought,0
2005-10-11,D3,D3 Extreme drought,0
2005-10-18,D3,D3 Extreme drought,0
2005-10-25,D3,D3 Extreme drought,0
2005-11-01,D3,D3 Extreme drought,0
2005-11-08,D3,D3 Extreme drought,0
2005-11-15,D3,D3 Extreme drought,0
2005-11-22,D3,D3 Extreme drought,0
2005-11-29,D3,D3 Extreme drought,0
2005-12-06,D3,D3 Extreme drought,0
2005-12-13,D3,D3 Extreme drought,0
2005-12-20,D3,D3 Extreme drought,0
2005-12-27,D3,D3 Extreme drought,0
2006-01-03,D3,D3 Extreme drought,0
2006-01-10,D3,D3 Extreme drought,0
2006-01-17,D3,D3 Extreme drought,0
2006-01-24,D3,D3 Extreme drought,0
2006-01-31,D3,D3 Extreme drought,1.278810826
2006-02-07,D3,D3 Extreme drought,6.372311609
2006-02-14,D3,D3 Extreme drought,6.372311609
2006-02-21,D3,D3 Extreme drought,6.372311609
2006-02-28,D3,D3 Extreme drought,6.372311609
2006-03-07,D3,D3 Extreme drought,11.3501202
2006-03-14,D3,D3 Extreme drought,8.485409923
2006-03-21,D3,D3 Extreme drought,8.485409923
2006-03-28,D3,D3 Extreme drought,8.485409923
2006-04-04,D3,D3 Extreme drought,8.485409923
2006-04-11,D3,D3 Extreme drought,8.414445236
2006-04-18,D3,D3 Extreme drought,9.868991784
2006-04-25,D3,D3 Extreme drought,9.884150061
2006-05-02,D3,D3 Extreme drought,8.343028055
2006-05-09,D3,D3 Extreme drought,16.5180621
2006-05-16,D3,D3 Extreme drought,16.30082191
2006-05-23,D3,D3 Extreme drought,17.2800028
2006-05-30,D3,D3 Extreme drought,17.75418661
2006-06-06,D3,D3 Extreme drought,18.08188315
2006-06-13,D3,D3 Extreme drought,19.875578
2006-06-20,D3,D3 Extreme drought,19.875578
2006-06-27,D3,D3 Extreme drought,18.39368091
2006-07-04,D3,D3 Extreme drought,16.88303338
2006-07-11,D3,D3 Extreme drought,7.929018485
2006-07-18,D3,D3 Extreme drought,8.27458939
2006-07-25,D3,D3 Extreme drought,8.27458939
2006-08-01,D3,D3 Extreme drought,4.415708963
2006-08-08,D3,D3 Extreme drought,3.689442818
2006-08-15,D3,D3 Extreme drought,3.105496038
2006-08-22,D3,D3 Extreme drought,2.535164774
2006-08-29,D3,D3 Extreme drought,2.344321831
2006-09-05,D3,D3 Extreme drought,2.344321831
2006-09-12,D3,D3 Extreme drought,2.2709207
2006-09-19,D3,D3 Extreme drought,1.190304649
2006-09-26,D3,D3 Extreme drought,1.190304649
2006-10-03,D3,D3 Extreme drought,1.190304649
2006-10-10,D3,D3 Extreme drought,0.497071739
2006-10-17,D3,D3 Extreme drought,0.498561269
2006-10-24,D3,D3 Extreme drought,0.498561269
2006-10-31,D3,D3 Extreme drought,0.498561269
2006-11-07,D3,D3 Extreme drought,0.498561269
2006-11-14,D3,D3 Extreme drought,0.498561269
2006-11-21,D3,D3 Extreme drought,0.498561269
2006-11-28,D3,D3 Extreme drought,0.498561269
2006-12-05,D3,D3 Extreme drought,0.49409268
2006-12-12,D3,D3 Extreme drought,0.49409268
2006-12-19,D3,D3 Extreme drought,0.49409268
2006-12-26,D3,D3 Extreme drought,0.49409268
2007-01-02,D3,D3 Extreme drought,0.49409268
2007-01-09,D3,D3 Extreme drought,0.49409268
2007-01-16,D3,D3 Extreme drought,0.49409268
2007-01-23,D3,D3 Extreme drought,0.00148953
2007-01-30,D3,D3 Extreme drought,0.00148953
2007-02-06,D3,D3 Extreme drought,0.00148953
2007-02-13,D3,D3 Extreme drought,0.00148953
2007-02-20,D3,D3 Extreme drought,0.00148953
2007-02-27,D3,D3 Extreme drought,0
2007-03-06,D3,D3 Extreme drought,0
2007-03-13,D3,D3 Extreme drought,8.521900626
2007-03-20,D3,D3 Extreme drought,8.521900626
2007-03-27,D3,D3 Extreme drought,8.542982122
2007-04-03,D3,D3 Extreme drought,8.542982122
2007-04-10,D3,D3 Extreme drought,8.542982122
2007-04-17,D3,D3 Extreme drought,10.35778917
2007-04-24,D3,D3 Extreme drought,10.35778917
2007-05-01,D3,D3 Extreme drought,10.35778917
2007-05-08,D3,D3 Extreme drought,10.35778917
2007-05-15,D3,D3 Extreme drought,10.35778917
2007-05-22,D3,D3 Extreme drought,11.70232009
2007-05-29,D3,D3 Extreme drought,11.70466248
2007-06-05,D3,D3 Extreme drought,11.70466248
2007-06-12,D3,D3 Extreme drought,11.70466248
2007-06-19,D3,D3 Extreme drought,11.67868758
2007-06-26,D3,D3 Extreme drought,12.42574798
2007-07-03,D3,D3 Extreme drought,13.69291578
2007-07-10,D3,D3 Extreme drought,14.42376223
2007-07-17,D3,D3 Extreme drought,14.42376223
2007-07-24,D3,D3 Extreme drought,14.42376223
2007-07-31,D3,D3 Extreme drought,14.42376223
2007-08-07,D3,D3 Extreme drought,14.42376223
2007-08-14,D3,D3 Extreme drought,14.49471481
2007-08-21,D3,D3 Extreme drought,14.26146233
2007-08-28,D3,D3 Extreme drought,14.25677755
2007-09-04,D3,D3 Extreme drought,14.25911994
2007-09-11,D3,D3 Extreme drought,14.25911994
2007-09-18,D3,D3 Extreme drought,14.26146233
2007-09-25,D3,D3 Extreme drought,13.91080233
2007-10-02,D3,D3 Extreme drought,13.91080233
2007-10-09,D3,D3 Extreme drought,13.90845994
2007-10-16,D3,D3 Extreme drought,13.91080233
2007-10-23,D3,D3 Extreme drought,13.90611756
2007-10-30,D3,D3 Extreme drought,13.72434722
2007-11-06,D3,D3 Extreme drought,13.7266896
2007-11-13,D3,D3 Extreme drought,13.72200483
2007-11-20,D3,D3 Extreme drought,13.72434722
2007-11-27,D3,D3 Extreme drought,13.72434722
2007-12-04,D3,D3 Extreme drought,4.749965042
2007-12-11,D3,D3 Extreme drought,4.754649819
2007-12-18,D3,D3 Extreme drought,4.75230743
2007-12-25,D3,D3 Extreme drought,4.75230743
2008-01-01,D3,D3 Extreme drought,4.754649819
2008-01-08,D3,D3 Extreme drought,0
2008-01-15,D3,D3 Extreme drought,0
2008-01-22,D3,D3 Extreme drought,0
2008-01-29,D3,D3 Extreme drought,0
2008-02-05,D3,D3 Extreme drought,0
2008-02-12,D3,D3 Extreme drought,0
2008-02-19,D3,D3 Extreme drought,0
2008-02-26,D3,D3 Extreme drought,0
2008-03-04,D3,D3 Extreme drought,0
2008-03-11,D3,D3 Extreme drought,0
2008-03-18,D3,D3 Extreme drought,0
2008-03-25,D3,D3 Extreme drought,0
2008-04-01,D3,D3 Extreme drought,0
2008-04-08,D3,D3 Extreme drought,0
2008-04-15,D3,D3 Extreme drought,0
2008-04-22,D3,D3 Extreme drought,0
2008-04-29,D3,D3 Extreme drought,0
2008-05-06,D3,D3 Extreme drought,0
2008-05-13,D3,D3 Extreme drought,0
2008-05-20,D3,D3 Extreme drought,0.335960437
2008-05-27,D3,D3 Extreme drought,0.21168992
2008-06-03,D3,D3 Extreme drought,0.21168992
2008-06-10,D3,D3 Extreme drought,0.417821469
2008-06-17,D3,D3 Extreme drought,2.814484902
2008-06-24,D3,D3 Extreme drought,2.957155736
2008-07-01,D3,D3 Extreme drought,2.840583225
2008-07-08,D3,D3 Extreme drought,2.649046131
2008-07-15,D3,D3 Extreme drought,0.497793222
2008-07-22,D3,D3 Extreme drought,0.602834563
2008-07-29,D3,D3 Extreme drought,0.602834563
2008-08-05,D3,D3 Extreme drought,0.602834563
2008-08-12,D3,D3 Extreme drought,0.563130597
2008-08-19,D3,D3 Extreme drought,0
2008-08-26,D3,D3 Extreme drought,0
2008-09-02,D3,D3 Extreme drought,0
2008-09-09,D3,D3 Extreme drought,0
2008-09-16,D3,D3 Extreme drought,0
2008-09-23,D3,D3 Extreme drought,0.480189615
2008-09-30,D3,D3 Extreme drought,0.480189615
2008-10-07,D3,D3 Extreme drought,0
2008-10-14,D3,D3 Extreme drought,0
2008-10-21,D3,D3 Extreme drought,0
2008-10-28,D3,D3 Extreme drought,0
2008-11-04,D3,D3 Extreme drought,0
2008-11-11,D3,D3 Extreme drought,0
2008-11-18,D3,D3 Extreme drought,0
2008-11-25,D3,D3 Extreme drought,0
2008-12-02,D3,D3 Extreme drought,0
2008-12-09,D3,D3 Extreme drought,0.751906665
2008-12-16,D3,D3 Extreme drought,1.365612417
2008-12-23,D3,D3 Extreme drought,0.648841577
2008-12-30,D3,D3 Extreme drought,0.648841577
2009-01-06,D3,D3 Extreme drought,0.648841577
2009-01-13,D3,D3 Extreme drought,0.648841577
2009-01-20,D3,D3 Extreme drought,3.038077709
2009-01-27,D3,D3 Extreme drought,3.733767053
2009-02-03,D3,D3 Extreme drought,4.452880281
2009-02-10,D3,D3 Extreme drought,4.450537893
2009-02-17,D3,D3 Extreme drought,3.911788569
2009-02-24,D3,D3 Extreme drought,3.462050003
2009-03-03,D3,D3 Extreme drought,1.023623715
2009-03-10,D3,D3 Extreme drought,0
2009-03-17,D3,D3 Extreme drought,0
2009-03-24,D3,D3 Extreme drought,0
2009-03-31,D3,D3 Extreme drought,0
2009-04-07,D3,D3 Extreme drought,0
2009-04-14,D3,D3 Extreme drought,0
2009-04-21,D3,D3 Extreme drought,0
2009-04-28,D3,D3 Extreme drought,0
2009-05-05,D3,D3 Extreme drought,0
2009-05-12,D3,D3 Extreme drought,0
2009-05-19,D3,D3 Extreme drought,0
2009-05-26,D3,D3 Extreme drought,0
2009-06-02,D3,D3 Extreme drought,0
2009-06-09,D3,D3 Extreme drought,0
2009-06-16,D3,D3 Extreme drought,0
2009-06-23,D3,D3 Extreme drought,0
2009-06-30,D3,D3 Extreme drought,0
2009-07-07,D3,D3 Extreme drought,0
2009-07-14,D3,D3 Extreme drought,0
2009-07-21,D3,D3 Extreme drought,0
2009-07-28,D3,D3 Extreme drought,0
2009-08-04,D3,D3 Extreme drought,0
2009-08-11,D3,D3 Extreme drought,0
2009-08-18,D3,D3 Extreme drought,0
2009-08-25,D3,D3 Extreme drought,0
2009-09-01,D3,D3 Extreme drought,0
2009-09-08,D3,D3 Extreme drought,0
2009-09-15,D3,D3 Extreme drought,0
2009-09-22,D3,D3 Extreme drought,0
2009-09-29,D3,D3 Extreme drought,0
2009-10-06,D3,D3 Extreme drought,0
2009-10-13,D3,D3 Extreme drought,0
2009-10-20,D3,D3 Extreme drought,0
2009-10-27,D3,D3 Extreme drought,0
2009-11-03,D3,D3 Extreme drought,0
2009-11-10,D3,D3 Extreme drought,0
2009-11-17,D3,D3 Extreme drought,0
2009-11-24,D3,D3 Extreme drought,0.880813579
2009-12-01,D3,D3 Extreme drought,0.929747667
2009-12-08,D3,D3 Extreme drought,0.929747667
2009-12-15,D3,D3 Extreme drought,0.825354946
2009-12-22,D3,D3 Extreme drought,0.825354946
2009-12-29,D3,D3 Extreme drought,0.825354946
2010-01-05,D3,D3 Extreme drought,0.825354946
2010-01-12,D3,D3 Extreme drought,1.567521944
2010-01-19,D3,D3 Extreme drought,1.567521944
2010-01-26,D3,D3 Extreme drought,0.566004281
2010-02-02,D3,D3 Extreme drought,0
2010-02-09,D3,D3 Extreme drought,0
2010-02-16,D3,D3 Extreme drought,0
2010-02-23,D3,D3 Extreme drought,0
2010-03-02,D3,D3 Extreme drought,0
2010-03-09,D3,D3 Extreme drought,0
2010-03-16,D3,D3 Extreme drought,0
2010-03-23,D3,D3 Extreme drought,0
2010-03-30,D3,D3 Extreme drought,0
2010-04-06,D3,D3 Extreme drought,0
2010-04-13,D3,D3 Extreme drought,0
2010-04-20,D3,D3 Extreme drought,0
2010-04-27,D3,D3 Extreme drought,0
2010-05-04,D3,D3 Extreme drought,0
2010-05-11,D3,D3 Extreme drought,0
2010-05-18,D3,D3 Extreme drought,0
2010-05-25,D3,D3 Extreme drought,0
2010-06-01,D3,D3 Extreme drought,0
2010-06-08,D3,D3 Extreme drought,0
2010-06-15,D3,D3 Extreme drought,0
2010-06-22,D3,D3 Extreme drought,0
2010-06-29,D3,D3 Extreme drought,0
2010-07-06,D3,D3 Extreme drought,0
2010-07-13,D3,D3 Extreme drought,0
2010-07-20,D3,D3 Extreme drought,0
2010-07-27,D3,D3 Extreme drought,0
2010-08-03,D3,D3 Extreme drought,0
2010-08-10,D3,D3 Extreme drought,0
2010-08-17,D3,D3 Extreme drought,0
2010-08-24,D3,D3 Extreme drought,0
2010-08-31,D3,D3 Extreme drought,0
2010-09-07,D3,D3 Extreme drought,0
2010-09-14,D3,D3 Extreme drought,0
2010-09-21,D3,D3 Extreme drought,0
2010-09-28,D3,D3 Extreme drought,0
2010-10-05,D3,D3 Extreme drought,0
2010-10-12,D3,D3 Extreme drought,0
2010-10-19,D3,D3 Extreme drought,0
2010-10-26,D3,D3 Extreme drought,0
2010-11-02,D3,D3 Extreme drought,0
2010-11-09,D3,D3 Extreme drought,0
2010-11-16,D3,D3 Extreme drought,0
2010-11-23,D3,D3 Extreme drought,0
2010-11-30,D3,D3 Extreme drought,0
2010-12-07,D3,D3 Extreme drought,0
2010-12-14,D3,D3 Extreme drought,0
2010-12-21,D3,D3 Extreme drought,0
2010-12-28,D3,D3 Extreme drought,0
2011-01-04,D3,D3 Extreme drought,0
2011-01-11,D3,D3 Extreme drought,0
2011-01-18,D3,D3 Extreme drought,0
2011-01-25,D3,D3 Extreme drought,0
2011-02-01,D3,D3 Extreme drought,0
2011-02-08,D3,D3 Extreme drought,0
2011-02-15,D3,D3 Extreme drought,0
2011-02-22,D3,D3 Extreme drought,0
2011-03-01,D3,D3 Extreme drought,0
2011-03-08,D3,D3 Extreme drought,0.943014404
2011-03-15,D3,D3 Extreme drought,2.581553808
2011-03-22,D3,D3 Extreme drought,2.746843188
2011-03-29,D3,D3 Extreme drought,3.602428746
2011-04-05,D3,D3 Extreme drought,7.058715897
2011-04-12,D3,D3 Extreme drought,7.040773398
2011-04-19,D3,D3 Extreme drought,7.760885184
2011-04-26,D3,D3 Extreme drought,12.04016871
2011-05-03,D3,D3 Extreme drought,11.27261921
2011-05-10,D3,D3 Extreme drought,8.401553293
2011-05-17,D3,D3 Extreme drought,9.341875685
2011-05-24,D3,D3 Extreme drought,9.295487767
2011-05-31,D3,D3 Extreme drought,9.612359917
2011-06-07,D3,D3 Extreme drought,8.200153884
2011-06-14,D3,D3 Extreme drought,7.860501719
2011-06-21,D3,D3 Extreme drought,7.551241289
2011-06-28,D3,D3 Extreme drought,9.669579531
2011-07-05,D3,D3 Extreme drought,9.572760096
2011-07-12,D3,D3 Extreme drought,9.204634178
2011-07-19,D3,D3 Extreme drought,9.236734579
2011-07-26,D3,D3 Extreme drought,9.430451893
2011-08-02,D3,D3 Extreme drought,9.461732018
2011-08-09,D3,D3 Extreme drought,9.24219264
2011-08-16,D3,D3 Extreme drought,10.13585775
2011-08-23,D3,D3 Extreme drought,8.802958339
2011-08-30,D3,D3 Extreme drought,9.86043641
2011-09-06,D3,D3 Extreme drought,9.808239907
2011-09-13,D3,D3 Extreme drought,9.967156737
2011-09-20,D3,D3 Extreme drought,9.320723143
2011-09-27,D3,D3 Extreme drought,9.320723143
2011-10-04,D3,D3 Extreme drought,9.162393316
2011-10-11,D3,D3 Extreme drought,9.523260126
2011-10-18,D3,D3 Extreme drought,9.523260126
2011-10-25,D3,D3 Extreme drought,9.523260126
2011-11-01,D3,D3 Extreme drought,11.42366909
2011-11-08,D3,D3 Extreme drought,11.23094314
2011-11-15,D3,D3 Extreme drought,11.29664655
2011-11-22,D3,D3 Extreme drought,11.29664655
2011-11-29,D3,D3 Extreme drought,12.77389687
2011-12-06,D3,D3 Extreme drought,12.01755883
2011-12-13,D3,D3 Extreme drought,8.662076161
2011-12-20,D3,D3 Extreme drought,3.970508415
2011-12-27,D3,D3 Extreme drought,3.208437377
2012-01-03,D3,D3 Extreme drought,3.208437377
2012-01-10,D3,D3 Extreme drought,3.210177266
2012-01-17,D3,D3 Extreme drought,3.234009742
2012-01-24,D3,D3 Extreme drought,3.234009742
2012-01-31,D3,D3 Extreme drought,3.373200799
2012-02-07,D3,D3 Extreme drought,3.38338977
2012-02-14,D3,D3 Extreme drought,2.92993389
2012-02-21,D3,D3 Extreme drought,2.92993389
2012-02-28,D3,D3 Extreme drought,2.92993389
2012-03-06,D3,D3 Extreme drought,2.782043392
2012-03-13,D3,D3 Extreme drought,4.171771484
2012-03-20,D3,D3 Extreme drought,4.175033756
2012-03-27,D3,D3 Extreme drought,4.829969034
2012-04-03,D3,D3 Extreme drought,4.845628028
2012-04-10,D3,D3 Extreme drought,4.823285082
2012-04-17,D3,D3 Extreme drought,4.85460307
2012-04-24,D3,D3 Extreme drought,5.858515278
2012-05-01,D3,D3 Extreme drought,5.858515278
2012-05-08,D3,D3 Extreme drought,6.792835249
2012-05-15,D3,D3 Extreme drought,6.71454028
2012-05-22,D3,D3 Extreme drought,7.914000927
2012-05-29,D3,D3 Extreme drought,8.253800967
2012-06-05,D3,D3 Extreme drought,8.380360513
2012-06-12,D3,D3 Extreme drought,10.02825874
2012-06-19,D3,D3 Extreme drought,12.81528801
2012-06-26,D3,D3 Extreme drought,20.47603821
2012-07-03,D3,D3 Extreme drought,23.48529014
2012-07-10,D3,D3 Extreme drought,24.20902749
2012-07-17,D3,D3 Extreme drought,24.76760115
2012-07-24,D3,D3 Extreme drought,25.75626517
2012-07-31,D3,D3 Extreme drought,24.40855098
2012-08-07,D3,D3 Extreme drought,24.14429224
2012-08-14,D3,D3 Extreme drought,24.10010671
2012-08-21,D3,D3 Extreme drought,20.18908409
2012-08-28,D3,D3 Extreme drought,19.76335455
2012-09-04,D3,D3 Extreme drought,18.00351845
2012-09-11,D3,D3 Extreme drought,17.33323006
2012-09-18,D3,D3 Extreme drought,16.86466407
2012-09-25,D3,D3 Extreme drought,16.86466407
2012-10-02,D3,D3 Extreme drought,16.00694529
2012-10-09,D3,D3 Extreme drought,16.10367423
2012-10-16,D3,D3 Extreme drought,15.66160791
2012-10-23,D3,D3 Extreme drought,16.86381047
2012-10-30,D3,D3 Extreme drought,16.86259564
2012-11-06,D3,D3 Extreme drought,17.37973369
2012-11-13,D3,D3 Extreme drought,16.89021878
2012-11-20,D3,D3 Extreme drought,18.00002972
2012-11-27,D3,D3 Extreme drought,18.79121217
2012-12-04,D3,D3 Extreme drought,19.35918548
2012-12-11,D3,D3 Extreme drought,19.35918548
2012-12-18,D3,D3 Extreme drought,19.3484963
2012-12-25,D3,D3 Extreme drought,19.3484963
2013-01-01,D3,D3 Extreme drought,17.94724423
2013-01-08,D3,D3 Extreme drought,15.87910667
2013-01-15,D3,D3 Extreme drought,16.68577291
2013-01-22,D3,D3 Extreme drought,16.68577291
2013-01-29,D3,D3 Extreme drought,15.19597536
2013-02-05,D3,D3 Extreme drought,12.34969996
2013-02-12,D3,D3 Extreme drought,10.17012461
2013-02-19,D3,D3 Extreme drought,14.36985351
2013-02-26,D3,D3 Extreme drought,13.86876571
2013-03-05,D3,D3 Extreme drought,14.38598884
2013-03-12,D3,D3 Extreme drought,14.39443792
2013-03-19,D3,D3 Extreme drought,14.39965759
2013-03-26,D3,D3 Extreme drought,15.17642843
2013-04-02,D3,D3 Extreme drought,15.17642843
2013-04-09,D3,D3 Extreme drought,17.30714344
2013-04-16,D3,D3 Extreme drought,16.18254847
2013-04-23,D3,D3 Extreme drought,19.41946367
2013-04-30,D3,D3 Extreme drought,16.08082121
2013-05-07,D3,D3 Extreme drought,13.84408362
2013-05-14,D3,D3 Extreme drought,13.03480531
2013-05-21,D3,D3 Extreme drought,12.82564421
2013-05-28,D3,D3 Extreme drought,12.82713374
2013-06-04,D3,D3 Extreme drought,13.09681745
2013-06-11,D3,D3 Extreme drought,13.09856995
2013-06-18,D3,D3 Extreme drought,19.44808097
2013-06-25,D3,D3 Extreme drought,20.6715046
2013-07-02,D3,D3 Extreme drought,20.42125603
2013-07-09,D3,D3 Extreme drought,20.18332635
2013-07-16,D3,D3 Extreme drought,19.30458853
2013-07-23,D3,D3 Extreme drought,17.75128797
2013-07-30,D3,D3 Extreme drought,18.66466411
2013-08-06,D3,D3 Extreme drought,20.74328813
2013-08-13,D3,D3 Extreme drought,23.77480608
2013-08-20,D3,D3 Extreme drought,22.18464186
2013-08-27,D3,D3 Extreme drought,21.63471524
2013-09-03,D3,D3 Extreme drought,19.47881933
2013-09-10,D3,D3 Extreme drought,18.56176856
2013-09-17,D3,D3 Extreme drought,8.542636977
2013-09-24,D3,D3 Extreme drought,7.695530638
2013-10-01,D3,D3 Extreme drought,7.296809561
2013-10-08,D3,D3 Extreme drought,7.296809561
2013-10-15,D3,D3 Extreme drought,7.296809561
2013-10-22,D3,D3 Extreme drought,7.296809561
2013-10-29,D3,D3 Extreme drought,7.296809561
2013-11-05,D3,D3 Extreme drought,7.296809561
2013-11-12,D3,D3 Extreme drought,7.296809561
2013-11-19,D3,D3 Extreme drought,11.19767951
2013-11-26,D3,D3 Extreme drought,11.19767951
2013-12-03,D3,D3 Extreme drought,11.19767951
2013-12-10,D3,D3 Extreme drought,11.19767951
2013-12-17,D3,D3 Extreme drought,11.19767951
2013-12-24,D3,D3 Extreme drought,11.29449894
2013-12-31,D3,D3 Extreme drought,11.19767951
2014-01-07,D3,D3 Extreme drought,11.19767951
2014-01-14,D3,D3 Extreme drought,20.94640699
2014-01-21,D3,D3 Extreme drought,20.94640699
2014-01-28,D3,D3 Extreme drought,21.49534507
2014-02-04,D3,D3 Extreme drought,21.25173668
2014-02-11,D3,D3 Extreme drought,19.13726316
2014-02-18,D3,D3 Extreme drought,21.12486619
2014-02-25,D3,D3 Extreme drought,19.78923685
2014-03-04,D3,D3 Extreme drought,19.94564945
2014-03-11,D3,D3 Extreme drought,19.94564945
2014-03-18,D3,D3 Extreme drought,21.55363843
2014-03-25,D3,D3 Extreme drought,21.05879013
2014-04-01,D3,D3 Extreme drought,20.54364382
2014-04-08,D3,D3 Extreme drought,20.54364382
2014-04-15,D3,D3 Extreme drought,20.54414454
2014-04-22,D3,D3 Extreme drought,22.68456443
2014-04-29,D3,D3 Extreme drought,24.27001228
2014-05-06,D3,D3 Extreme drought,24.21955552
2014-05-13,D3,D3 Extreme drought,24.82728366
2014-05-20,D3,D3 Extreme drought,25.31644261
2014-05-27,D3,D3 Extreme drought,25.8940855
2014-06-03,D3,D3 Extreme drought,25.8878644
2014-06-10,D3,D3 Extreme drought,26.18587793
2014-06-17,D3,D3 Extreme drought,23.81117506
2014-06-24,D3,D3 Extreme drought,23.81117506
2014-07-01,D3,D3 Extreme drought,27.76451329
2014-07-08,D3,D3 Extreme drought,28.10465616
2014-07-15,D3,D3 Extreme drought,27.87334427
2014-07-22,D3,D3 Extreme drought,26.91009978
2014-07-29,D3,D3 Extreme drought,18.75354796
2014-08-05,D3,D3 Extreme drought,16.12281493
2014-08-12,D3,D3 Extreme drought,16.32252865
2014-08-19,D3,D3 Extreme drought,15.74999983
2014-08-26,D3,D3 Extreme drought,15.14277898
2014-09-02,D3,D3 Extreme drought,14.36590578
2014-09-09,D3,D3 Extreme drought,13.81327641
2014-09-16,D3,D3 Extreme drought,13.50948892
2014-09-23,D3,D3 Extreme drought,13.71448102
2014-09-30,D3,D3 Extreme drought,13.64371781
2014-10-07,D3,D3 Extreme drought,13.63924923
2014-10-14,D3,D3 Extreme drought,13.29963644
2014-10-21,D3,D3 Extreme drought,12.15837852
2014-10-28,D3,D3 Extreme drought,12.15837852
2014-11-04,D3,D3 Extreme drought,12.41604124
2014-11-11,D3,D3 Extreme drought,12.41604124
2014-11-18,D3,D3 Extreme drought,12.41604124
2014-11-25,D3,D3 Extreme drought,12.41604124
2014-12-02,D3,D3 Extreme drought,12.80827721
2014-12-09,D3,D3 Extreme drought,12.80827721
2014-12-16,D3,D3 Extreme drought,17.75540144
2014-12-23,D3,D3 Extreme drought,17.75540144
2014-12-30,D3,D3 Extreme drought,17.75540144
2015-01-06,D3,D3 Extreme drought,17.58086986
2015-01-13,D3,D3 Extreme drought,15.80940523
2015-01-20,D3,D3 Extreme drought,15.80940523
2015-01-27,D3,D3 Extreme drought,15.04702958
2015-02-03,D3,D3 Extreme drought,14.69912546
2015-02-10,D3,D3 Extreme drought,12.36224394
2015-02-17,D3,D3 Extreme drought,12.28087777
2015-02-24,D3,D3 Extreme drought,12.80909169
2015-03-03,D3,D3 Extreme drought,11.51777196
2015-03-10,D3,D3 Extreme drought,11.51777196
2015-03-17,D3,D3 Extreme drought,11.51777196
2015-03-24,D3,D3 Extreme drought,11.87348727
2015-03-31,D3,D3 Extreme drought,11.87348727
2015-04-07,D3,D3 Extreme drought,11.18950987
2015-04-14,D3,D3 Extreme drought,11.18950987
2015-04-21,D3,D3 Extreme drought,10.80661065
2015-04-28,D3,D3 Extreme drought,10.89321448
2015-05-05,D3,D3 Extreme drought,10.73499426
2015-05-12,D3,D3 Extreme drought,10.73499426
2015-05-19,D3,D3 Extreme drought,10.69315625
2015-05-26,D3,D3 Extreme drought,10.70252581
2015-06-02,D3,D3 Extreme drought,11.4075847
2015-06-09,D3,D3 Extreme drought,10.89658303
2015-06-16,D3,D3 Extreme drought,11.46776679
2015-06-23,D3,D3 Extreme drought,11.46776679
2015-06-30,D3,D3 Extreme drought,11.46776679
2015-07-07,D3,D3 Extreme drought,11.46776679
2015-07-14,D3,D3 Extreme drought,11.63876114
2015-07-21,D3,D3 Extreme drought,11.63876114
2015-07-28,D3,D3 Extreme drought,10.42835787
2015-08-04,D3,D3 Extreme drought,10.42835787
2015-08-11,D3,D3 Extreme drought,9.290737023
2015-08-18,D3,D3 Extreme drought,9.290737023
2015-08-25,D3,D3 Extreme drought,9.290737023
2015-09-01,D3,D3 Extreme drought,9.290737023
2015-09-08,D3,D3 Extreme drought,9.290737023
2015-09-15,D3,D3 Extreme drought,9.290737023
2015-09-22,D3,D3 Extreme drought,9.290737023
2015-09-29,D3,D3 Extreme drought,9.290737023
2015-10-06,D3,D3 Extreme drought,9.290737023
2015-10-13,D3,D3 Extreme drought,9.290737023
2015-10-20,D3,D3 Extreme drought,8.926824929
2015-10-27,D3,D3 Extreme drought,8.926824929
2015-11-03,D3,D3 Extreme drought,9.504761003
2015-11-10,D3,D3 Extreme drought,9.59653014
2015-11-17,D3,D3 Extreme drought,9.59653014
2015-11-24,D3,D3 Extreme drought,9.59653014
2015-12-01,D3,D3 Extreme drought,9.59653014
2015-12-08,D3,D3 Extreme drought,9.25219905
2015-12-15,D3,D3 Extreme drought,9.220554521
2015-12-22,D3,D3 Extreme drought,9.220554521
2015-12-29,D3,D3 Extreme drought,9.215869744
2016-01-05,D3,D3 Extreme drought,9.163656269
2016-01-12,D3,D3 Extreme drought,9.674296933
2016-01-19,D3,D3 Extreme drought,9.242792335
2016-01-26,D3,D3 Extreme drought,8.83521676
2016-02-02,D3,D3 Extreme drought,9.010135725
2016-02-09,D3,D3 Extreme drought,8.320366709
2016-02-16,D3,D3 Extreme drought,8.320366709
2016-02-23,D3,D3 Extreme drought,8.191535349
2016-03-01,D3,D3 Extreme drought,8.191535349
2016-03-08,D3,D3 Extreme drought,8.191535349
2016-03-15,D3,D3 Extreme drought,8.311848969
2016-03-22,D3,D3 Extreme drought,8.311848969
2016-03-29,D3,D3 Extreme drought,8.297794639
2016-04-05,D3,D3 Extreme drought,9.014565479
2016-04-12,D3,D3 Extreme drought,9.014565479
2016-04-19,D3,D3 Extreme drought,10.25047248
2016-04-26,D3,D3 Extreme drought,10.25047248
2016-05-03,D3,D3 Extreme drought,10.25047248
2016-05-10,D3,D3 Extreme drought,9.962358715
2016-05-17,D3,D3 Extreme drought,5.994362542
2016-05-24,D3,D3 Extreme drought,5.994362542
2016-05-31,D3,D3 Extreme drought,5.994362542
2016-06-07,D3,D3 Extreme drought,5.956389106
2016-06-14,D3,D3 Extreme drought,5.13817497
2016-06-21,D3,D3 Extreme drought,5.13817497
2016-06-28,D3,D3 Extreme drought,5.13817497
2016-07-05,D3,D3 Extreme drought,5.13817497
2016-07-12,D3,D3 Extreme drought,5.13817497
2016-07-19,D3,D3 Extreme drought,5.13817497
2016-07-26,D3,D3 Extreme drought,5.13817497
2016-08-02,D3,D3 Extreme drought,5.13817497
2016-08-09,D3,D3 Extreme drought,5.13817497
2016-08-16,D3,D3 Extreme drought,5.13817497
2016-08-23,D3,D3 Extreme drought,5.13817497
2016-08-30,D3,D3 Extreme drought,5.13817497
2016-09-06,D3,D3 Extreme drought,5.13817497
2016-09-13,D3,D3 Extreme drought,5.13817497
2016-09-20,D3,D3 Extreme drought,5.13817497
2016-09-27,D3,D3 Extreme drought,5.13817497
2016-10-04,D3,D3 Extreme drought,5.13817497
2016-10-11,D3,D3 Extreme drought,5.13817497
2016-10-18,D3,D3 Extreme drought,5.13817497
2016-10-25,D3,D3 Extreme drought,5.13817497
2016-11-01,D3,D3 Extreme drought,5.13817497
2016-11-08,D3,D3 Extreme drought,5.13817497
2016-11-15,D3,D3 Extreme drought,5.13817497
2016-11-22,D3,D3 Extreme drought,5.13817497
2016-11-29,D3,D3 Extreme drought,5.13817497
2016-12-06,D3,D3 Extreme drought,5.13817497
2016-12-13,D3,D3 Extreme drought,5.13817497
2016-12-20,D3,D3 Extreme drought,5.134886712
2016-12-27,D3,D3 Extreme drought,5.249663742
2017-01-03,D3,D3 Extreme drought,4.682805758
2017-01-10,D3,D3 Extreme drought,6.012910932
2017-01-17,D3,D3 Extreme drought,5.193075005
2017-01-24,D3,D3 Extreme drought,0.505955887
2017-01-31,D3,D3 Extreme drought,0.438026624
2017-02-07,D3,D3 Extreme drought,0.170994351
2017-02-14,D3,D3 Extreme drought,0.170994351
2017-02-21,D3,D3 Extreme drought,0
2017-02-28,D3,D3 Extreme drought,0
2017-03-07,D3,D3 Extreme drought,0.029790595
2017-03-14,D3,D3 Extreme drought,0.029790595
2017-03-21,D3,D3 Extreme drought,0.029790595
2017-03-28,D3,D3 Extreme drought,0.029790595
2017-04-04,D3,D3 Extreme drought,0
2017-04-11,D3,D3 Extreme drought,0
2017-04-18,D3,D3 Extreme drought,0
2017-04-25,D3,D3 Extreme drought,0
2017-05-02,D3,D3 Extreme drought,0
2017-05-09,D3,D3 Extreme drought,0
2017-05-16,D3,D3 Extreme drought,0
2017-05-23,D3,D3 Extreme drought,0
2017-05-30,D3,D3 Extreme drought,0
2017-06-06,D3,D3 Extreme drought,0
2017-06-13,D3,D3 Extreme drought,0
2017-06-20,D3,D3 Extreme drought,0
2017-06-27,D3,D3 Extreme drought,0
2017-07-04,D3,D3 Extreme drought,0
2017-07-11,D3,D3 Extreme drought,0
2017-07-18,D3,D3 Extreme drought,0
2017-07-25,D3,D3 Extreme drought,0
2017-08-01,D3,D3 Extreme drought,0
2017-08-08,D3,D3 Extreme drought,0
2017-08-15,D3,D3 Extreme drought,0
2017-08-22,D3,D3 Extreme drought,0
2017-08-29,D3,D3 Extreme drought,0
2017-09-05,D3,D3 Extreme drought,0
2017-09-12,D3,D3 Extreme drought,0
2017-09-19,D3,D3 Extreme drought,0
2017-09-26,D3,D3 Extreme drought,0
2017-10-03,D3,D3 Extreme drought,0
2017-10-10,D3,D3 Extreme drought,0
2017-10-17,D3,D3 Extreme drought,0
2017-10-24,D3,D3 Extreme drought,0
2017-10-31,D3,D3 Extreme drought,0
2017-11-07,D3,D3 Extreme drought,0
2017-11-14,D3,D3 Extreme drought,0
2017-11-21,D3,D3 Extreme drought,0
2017-11-28,D3,D3 Extreme drought,0
2017-12-05,D3,D3 Extreme drought,0
2017-12-12,D3,D3 Extreme drought,0
2017-12-19,D3,D3 Extreme drought,0
2017-12-26,D3,D3 Extreme drought,0
2018-01-02,D3,D3 Extreme drought,0
2018-01-09,D3,D3 Extreme drought,0
2018-01-16,D3,D3 Extreme drought,0
2018-01-23,D3,D3 Extreme drought,0
2018-01-30,D3,D3 Extreme drought,1.500319387
2018-02-06,D3,D3 Extreme drought,1.500319387
2018-02-13,D3,D3 Extreme drought,2.142338138
2018-02-20,D3,D3 Extreme drought,4.0867128
2018-02-27,D3,D3 Extreme drought,5.102311437
2018-03-06,D3,D3 Extreme drought,10.24044563
2018-03-13,D3,D3 Extreme drought,13.26171051
2018-03-20,D3,D3 Extreme drought,16.13382036
2018-03-27,D3,D3 Extreme drought,19.58953214
2018-04-03,D3,D3 Extreme drought,21.17178655
2018-04-10,D3,D3 Extreme drought,21.85298457
2018-04-17,D3,D3 Extreme drought,20.36680266
2018-04-24,D3,D3 Extreme drought,20.21364587
2018-05-01,D3,D3 Extreme drought,21.70442306
2018-05-08,D3,D3 Extreme drought,23.55513341
2018-05-15,D3,D3 Extreme drought,23.12525
2018-05-22,D3,D3 Extreme drought,24.24484768
2018-05-29,D3,D3 Extreme drought,24.59010638
2018-06-05,D3,D3 Extreme drought,24.67360633
2018-06-12,D3,D3 Extreme drought,24.85680989
2018-06-19,D3,D3 Extreme drought,24.36907943
2018-06-26,D3,D3 Extreme drought,23.86184123
2018-07-03,D3,D3 Extreme drought,23.86184123
2018-07-10,D3,D3 Extreme drought,25.63357275
2018-07-17,D3,D3 Extreme drought,25.11834876
2018-07-24,D3,D3 Extreme drought,24.93713886
2018-07-31,D3,D3 Extreme drought,22.85576207
2018-08-07,D3,D3 Extreme drought,20.59685432
2018-08-14,D3,D3 Extreme drought,21.00473632
2018-08-21,D3,D3 Extreme drought,20.01126015
2018-08-28,D3,D3 Extreme drought,19.8384747
2018-09-04,D3,D3 Extreme drought,19.31399409
2018-09-11,D3,D3 Extreme drought,18.40192965
2018-09-18,D3,D3 Extreme drought,18.12546437
2018-09-25,D3,D3 Extreme drought,19.02146623
2018-10-02,D3,D3 Extreme drought,17.77989544
2018-10-09,D3,D3 Extreme drought,13.1134324
2018-10-16,D3,D3 Extreme drought,10.60315919
2018-10-23,D3,D3 Extreme drought,9.992943515
2018-10-30,D3,D3 Extreme drought,9.582620178
2018-11-06,D3,D3 Extreme drought,8.101182463
2018-11-13,D3,D3 Extreme drought,8.022410144
2018-11-20,D3,D3 Extreme drought,8.102677888
2018-11-27,D3,D3 Extreme drought,8.004368924
2018-12-04,D3,D3 Extreme drought,6.550062718
2018-12-11,D3,D3 Extreme drought,6.070288479
2018-12-18,D3,D3 Extreme drought,6.027041632
2018-12-25,D3,D3 Extreme drought,6.027041632
2019-01-01,D3,D3 Extreme drought,6.047920291
2019-01-08,D3,D3 Extreme drought,5.532981077
2019-01-15,D3,D3 Extreme drought,5.285576443
2019-01-22,D3,D3 Extreme drought,6.157121565
2019-01-29,D3,D3 Extreme drought,5.990811991
2019-02-05,D3,D3 Extreme drought,5.951135871
2019-02-12,D3,D3 Extreme drought,6.344371728
2019-02-19,D3,D3 Extreme drought,4.472343061
2019-02-26,D3,D3 Extreme drought,2.220985207
2019-03-05,D3,D3 Extreme drought,2.10988272
2019-03-12,D3,D3 Extreme drought,2.10988272
2019-03-19,D3,D3 Extreme drought,1.409309454
2019-03-26,D3,D3 Extreme drought,0
2019-04-02,D3,D3 Extreme drought,0
2019-04-09,D3,D3 Extreme drought,0
2019-04-16,D3,D3 Extreme drought,0
2019-04-23,D3,D3 Extreme drought,0
2019-04-30,D3,D3 Extreme drought,0
2019-05-07,D3,D3 Extreme drought,0
2019-05-14,D3,D3 Extreme drought,0
2019-05-21,D3,D3 Extreme drought,0
2019-05-28,D3,D3 Extreme drought,0
2019-06-04,D3,D3 Extreme drought,0
2019-06-11,D3,D3 Extreme drought,0
2019-06-18,D3,D3 Extreme drought,0
2019-06-25,D3,D3 Extreme drought,0
2019-07-02,D3,D3 Extreme drought,0
2019-07-09,D3,D3 Extreme drought,0
2019-07-16,D3,D3 Extreme drought,0
2019-07-23,D3,D3 Extreme drought,0
2019-07-30,D3,D3 Extreme drought,0
2019-08-06,D3,D3 Extreme drought,0
2019-08-13,D3,D3 Extreme drought,0
2019-08-20,D3,D3 Extreme drought,0
2019-08-27,D3,D3 Extreme drought,0
2019-09-03,D3,D3 Extreme drought,0
2019-09-10,D3,D3 Extreme drought,0
2019-09-17,D3,D3 Extreme drought,0
2019-09-24,D3,D3 Extreme drought,0
2019-10-01,D3,D3 Extreme drought,0
2019-10-08,D3,D3 Extreme drought,0
2019-10-15,D3,D3 Extreme drought,0
2019-10-22,D3,D3 Extreme drought,0
2019-10-29,D3,D3 Extreme drought,0
2019-11-05,D3,D3 Extreme drought,0
2019-11-12,D3,D3 Extreme drought,0
2019-11-19,D3,D3 Extreme drought,0.414470979
2019-11-26,D3,D3 Extreme drought,0.414470979
2019-12-03,D3,D3 Extreme drought,0
2019-12-10,D3,D3 Extreme drought,0
2019-12-17,D3,D3 Extreme drought,0
2019-12-24,D3,D3 Extreme drought,0
2019-12-31,D3,D3 Extreme drought,0
2020-01-07,D3,D3 Extreme drought,0
2020-01-14,D3,D3 Extreme drought,0
2020-01-21,D3,D3 Extreme drought,0
2020-01-28,D3,D3 Extreme drought,0
2020-02-04,D3,D3 Extreme drought,0
2020-02-11,D3,D3 Extreme drought,0
2020-02-18,D3,D3 Extreme drought,0
2020-02-25,D3,D3 Extreme drought,0
2020-03-03,D3,D3 Extreme drought,0
2020-03-10,D3,D3 Extreme drought,0
2020-03-17,D3,D3 Extreme drought,0
2020-03-24,D3,D3 Extreme drought,0
2020-03-31,D3,D3 Extreme drought,0
2020-04-07,D3,D3 Extreme drought,0
2020-04-14,D3,D3 Extreme drought,0
2020-04-21,D3,D3 Extreme drought,1.091552978
2020-04-28,D3,D3 Extreme drought,1.091552978
2020-05-05,D3,D3 Extreme drought,2.697282289
2020-05-12,D3,D3 Extreme drought,2.967789745
2020-05-19,D3,D3 Extreme drought,4.077855855
2020-05-26,D3,D3 Extreme drought,4.077855855
2020-06-02,D3,D3 Extreme drought,4.382483623
2020-06-09,D3,D3 Extreme drought,6.067931452
2020-06-16,D3,D3 Extreme drought,7.58426425
2020-06-23,D3,D3 Extreme drought,7.605142909
2020-06-30,D3,D3 Extreme drought,7.566415135
2020-07-07,D3,D3 Extreme drought,7.739162724
2020-07-14,D3,D3 Extreme drought,8.891202339
2020-07-21,D3,D3 Extreme drought,7.653084191
2020-07-28,D3,D3 Extreme drought,8.628049848
2020-08-04,D3,D3 Extreme drought,9.38227738
2020-08-11,D3,D3 Extreme drought,11.13970159
2020-08-18,D3,D3 Extreme drought,12.42779379
2020-08-25,D3,D3 Extreme drought,25.40611535
2020-09-01,D3,D3 Extreme drought,26.74626689
2020-09-08,D3,D3 Extreme drought,36.69767676
2020-09-15,D3,D3 Extreme drought,36.65408721
2020-09-22,D3,D3 Extreme drought,39.13452842
2020-09-29,D3,D3 Extreme drought,44.02276326
2020-10-06,D3,D3 Extreme drought,43.41097565
2020-10-13,D3,D3 Extreme drought,45.97291186
2020-10-20,D3,D3 Extreme drought,49.37408261
2020-10-27,D3,D3 Extreme drought,49.10298819
2020-11-03,D3,D3 Extreme drought,48.28752538
2020-11-10,D3,D3 Extreme drought,47.46164444
2020-11-17,D3,D3 Extreme drought,41.37120265
2020-11-24,D3,D3 Extreme drought,33.1770652
2020-12-01,D3,D3 Extreme drought,29.65592007
2020-12-08,D3,D3 Extreme drought,30.42755581
2020-12-15,D3,D3 Extreme drought,33.70991908
2020-12-22,D3,D3 Extreme drought,33.70991908
2020-12-29,D3,D3 Extreme drought,33.70991908
2021-01-05,D3,D3 Extreme drought,33.73100058
2021-01-12,D3,D3 Extreme drought,34.71347783
2021-01-19,D3,D3 Extreme drought,34.38597674
2021-01-26,D3,D3 Extreme drought,36.44085428
2021-02-02,D3,D3 Extreme drought,33.77096698
2021-02-09,D3,D3 Extreme drought,33.67111568
2021-02-16,D3,D3 Extreme drought,34.05198243
2021-02-23,D3,D3 Extreme drought,31.76584306
2021-03-02,D3,D3 Extreme drought,31.7688726
2021-03-09,D3,D3 Extreme drought,31.20196221
2021-03-16,D3,D3 Extreme drought,28.52886854
2021-03-23,D3,D3 Extreme drought,27.61735902
2021-03-30,D3,D3 Extreme drought,27.64437043
2021-04-06,D3,D3 Extreme drought,28.85421697
2021-04-13,D3,D3 Extreme drought,29.13012584
2021-04-20,D3,D3 Extreme drought,31.74891603
2021-04-27,D3,D3 Extreme drought,32.39162752
2021-05-04,D3,D3 Extreme drought,37.16371143
2021-05-11,D3,D3 Extreme drought,34.91363043
2021-05-18,D3,D3 Extreme drought,34.51047789
2021-05-25,D3,D3 Extreme drought,31.80168528
2021-06-01,D3,D3 Extreme drought,32.72382604
2021-06-08,D3,D3 Extreme drought,32.83951591
2021-06-15,D3,D3 Extreme drought,32.89883644
2021-06-22,D3,D3 Extreme drought,33.13081557
2021-06-29,D3,D3 Extreme drought,33.89349678
2021-07-06,D3,D3 Extreme drought,33.09797661
2021-07-13,D3,D3 Extreme drought,33.02483503
2021-07-20,D3,D3 Extreme drought,35.31365195
2021-07-27,D3,D3 Extreme drought,36.46869933
2021-08-03,D3,D3 Extreme drought,33.07523636
2021-08-10,D3,D3 Extreme drought,33.16770695
2021-08-17,D3,D3 Extreme drought,31.7653984
2021-08-24,D3,D3 Extreme drought,29.43575842
2021-08-31,D3,D3 Extreme drought,31.77683868
2021-09-07,D3,D3 Extreme drought,31.88267564
2021-09-14,D3,D3 Extreme drought,31.88267564
2021-09-21,D3,D3 Extreme drought,31.89899208
2021-09-28,D3,D3 Extreme drought,32.10250141
2021-10-05,D3,D3 Extreme drought,31.55406405
2021-10-12,D3,D3 Extreme drought,29.85049392
2021-10-19,D3,D3 Extreme drought,30.20279488
2021-10-26,D3,D3 Extreme drought,28.53385881
2021-11-02,D3,D3 Extreme drought,27.75542781
2021-11-09,D3,D3 Extreme drought,27.83787245
2021-11-16,D3,D3 Extreme drought,27.71424148
2021-11-23,D3,D3 Extreme drought,30.78339712
2021-11-30,D3,D3 Extreme drought,32.41465295
2021-12-07,D3,D3 Extreme drought,33.15124435
2021-12-14,D3,D3 Extreme drought,34.36536412
2021-12-21,D3,D3 Extreme drought,36.65842331
2021-12-28,D3,D3 Extreme drought,27.14702349
2022-01-04,D3,D3 Extreme drought,18.24807164
2022-01-11,D3,D3 Extreme drought,13.81175643
2022-01-18,D3,D3 Extreme drought,13.67918828
2022-01-25,D3,D3 Extreme drought,15.26082033
2022-02-01,D3,D3 Extreme drought,14.86565527
2022-02-08,D3,D3 Extreme drought,13.51949449
2022-02-15,D3,D3 Extreme drought,13.51949449
2022-02-22,D3,D3 Extreme drought,15.23481242
2022-03-01,D3,D3 Extreme drought,19.06427292
2022-03-08,D3,D3 Extreme drought,18.75224902
2022-03-15,D3,D3 Extreme drought,25.0300607
2022-03-22,D3,D3 Extreme drought,25.32673293
2022-03-29,D3,D3 Extreme drought,27.0182264
2022-04-05,D3,D3 Extreme drought,27.9729027
2022-04-12,D3,D3 Extreme drought,31.39057971
2022-04-19,D3,D3 Extreme drought,32.76559175
2022-04-26,D3,D3 Extreme drought,32.20075294
2022-05-03,D3,D3 Extreme drought,33.35803169
2022-05-10,D3,D3 Extreme drought,40.27154256
2022-05-17,D3,D3 Extreme drought,40.61424892
2022-05-24,D3,D3 Extreme drought,39.29325138
2022-05-31,D3,D3 Extreme drought,39.08814149
2022-06-07,D3,D3 Extreme drought,39.29724836
2022-06-14,D3,D3 Extreme drought,39.43273807
2022-06-21,D3,D3 Extreme drought,38.71368832
2022-06-28,D3,D3 Extreme drought,39.04314496
2022-07-05,D3,D3 Extreme drought,38.75011041
2022-07-12,D3,D3 Extreme drought,33.59991858
2022-07-19,D3,D3 Extreme drought,33.81116237
2022-07-26,D3,D3 Extreme drought,32.427066
2022-08-02,D3,D3 Extreme drought,32.23434969
2022-08-09,D3,D3 Extreme drought,30.90832409
2022-08-16,D3,D3 Extreme drought,28.07201752
2022-08-23,D3,D3 Extreme drought,25.21245709
2022-08-30,D3,D3 Extreme drought,23.58130863
2022-09-06,D3,D3 Extreme drought,22.40297658
2022-09-13,D3,D3 Extreme drought,21.1258196
2022-09-20,D3,D3 Extreme drought,21.10668083
2022-09-27,D3,D3 Extreme drought,21.05098805
2022-10-04,D3,D3 Extreme drought,20.98348374
2022-10-11,D3,D3 Extreme drought,20.24818297
2022-10-18,D3,D3 Extreme drought,20.22382453
2022-10-25,D3,D3 Extreme drought,20.88637757
2022-11-01,D3,D3 Extreme drought,20.52274094
2022-11-08,D3,D3 Extreme drought,20.15390503
2022-11-15,D3,D3 Extreme drought,20.60148866
2022-11-22,D3,D3 Extreme drought,20.7617212
2022-11-29,D3,D3 Extreme drought,19.6832351
2022-12-06,D3,D3 Extreme drought,16.92512641
2022-12-13,D3,D3 Extreme drought,15.2307746
2022-12-20,D3,D3 Extreme drought,15.07462433
2022-12-27,D3,D3 Extreme drought,15.07462433
2023-01-03,D3,D3 Extreme drought,14.23972771
2023-01-10,D3,D3 Extreme drought,8.093660591
2023-01-17,D3,D3 Extreme drought,7.159078714
2023-01-24,D3,D3 Extreme drought,6.080676237
2023-01-31,D3,D3 Extreme drought,6.080676237
2023-02-07,D3,D3 Extreme drought,3.033323732
2023-02-14,D3,D3 Extreme drought,2.348126962
2023-02-21,D3,D3 Extreme drought,2.348126962
2023-02-28,D3,D3 Extreme drought,2.348126962
2023-03-07,D3,D3 Extreme drought,1.143759755
2023-03-14,D3,D3 Extreme drought,1.024706327
2023-03-21,D3,D3 Extreme drought,1.024706327
2023-03-28,D3,D3 Extreme drought,0.963820285
2023-04-04,D3,D3 Extreme drought,0.963820285
2023-04-11,D3,D3 Extreme drought,1.299953294
2023-04-18,D3,D3 Extreme drought,1.299953294
2023-04-25,D3,D3 Extreme drought,1.299953294
2023-05-02,D3,D3 Extreme drought,0.955297537
2023-05-09,D3,D3 Extreme drought,0.955297537
2023-05-16,D3,D3 Extreme drought,0.949827514
2023-05-23,D3,D3 Extreme drought,0.629212607
2023-05-30,D3,D3 Extreme drought,0.140142007
2023-06-06,D3,D3 Extreme drought,0
2023-06-13,D3,D3 Extreme drought,0
2023-06-20,D3,D3 Extreme drought,0
2023-06-27,D3,D3 Extreme drought,0
2023-07-04,D3,D3 Extreme drought,0
2023-07-11,D3,D3 Extreme drought,0
2023-07-18,D3,D3 Extreme drought,0
2023-07-25,D3,D3 Extreme drought,0
2023-08-01,D3,D3 Extreme drought,0
2023-08-08,D3,D3 Extreme drought,0.381035519
2023-08-15,D3,D3 Extreme drought,0.520226576
2023-08-22,D3,D3 Extreme drought,1.720749444
2023-08-29,D3,D3 Extreme drought,2.59243344
2023-09-05,D3,D3 Extreme drought,3.478036541
2023-09-12,D3,D3 Extreme drought,3.478036541
2023-09-19,D3,D3 Extreme drought,6.238581903
2023-09-26,D3,D3 Extreme drought,5.300782156
2023-10-03,D3,D3 Extreme drought,5.576227538
2023-10-10,D3,D3 Extreme drought,5.576227538
2023-10-17,D3,D3 Extreme drought,5.576227538
2023-10-24,D3,D3 Extreme drought,6.08079512
2023-10-31,D3,D3 Extreme drought,6.08079512
2023-11-07,D3,D3 Extreme drought,7.286537653
2023-11-14,D3,D3 Extreme drought,7.577359903
2023-11-21,D3,D3 Extreme drought,8.308112953
2023-11-28,D3,D3 Extreme drought,7.736301976
2023-12-05,D3,D3 Extreme drought,7.652787341
2023-12-12,D3,D3 Extreme drought,7.652787341
2023-12-19,D3,D3 Extreme drought,7.480538408
2023-12-26,D3,D3 Extreme drought,7.277189277
2000-01-04,D4,D4 Exceptional drought,0
2000-01-11,D4,D4 Exceptional drought,0
2000-01-18,D4,D4 Exceptional drought,0
2000-01-25,D4,D4 Exceptional drought,0
2000-02-01,D4,D4 Exceptional drought,0
2000-02-08,D4,D4 Exceptional drought,0
2000-02-15,D4,D4 Exceptional drought,0
2000-02-22,D4,D4 Exceptional drought,0
2000-02-29,D4,D4 Exceptional drought,0
2000-03-07,D4,D4 Exceptional drought,0
2000-03-14,D4,D4 Exceptional drought,0
2000-03-21,D4,D4 Exceptional drought,0
2000-03-28,D4,D4 Exceptional drought,0
2000-04-04,D4,D4 Exceptional drought,0
2000-04-11,D4,D4 Exceptional drought,0
2000-04-18,D4,D4 Exceptional drought,0
2000-04-25,D4,D4 Exceptional drought,0
2000-05-02,D4,D4 Exceptional drought,0
2000-05-09,D4,D4 Exceptional drought,0
2000-05-16,D4,D4 Exceptional drought,0
2000-05-23,D4,D4 Exceptional drought,0
2000-05-30,D4,D4 Exceptional drought,0
2000-06-06,D4,D4 Exceptional drought,0
2000-06-13,D4,D4 Exceptional drought,0
2000-06-20,D4,D4 Exceptional drought,0
2000-06-27,D4,D4 Exceptional drought,0
2000-07-04,D4,D4 Exceptional drought,0
2000-07-11,D4,D4 Exceptional drought,0
2000-07-18,D4,D4 Exceptional drought,0
2000-07-25,D4,D4 Exceptional drought,0
2000-08-01,D4,D4 Exceptional drought,0
2000-08-08,D4,D4 Exceptional drought,0
2000-08-15,D4,D4 Exceptional drought,0
2000-08-22,D4,D4 Exceptional drought,0
2000-08-29,D4,D4 Exceptional drought,0
2000-09-05,D4,D4 Exceptional drought,0
2000-09-12,D4,D4 Exceptional drought,0
2000-09-19,D4,D4 Exceptional drought,0
2000-09-26,D4,D4 Exceptional drought,0
2000-10-03,D4,D4 Exceptional drought,0
2000-10-10,D4,D4 Exceptional drought,0
2000-10-17,D4,D4 Exceptional drought,0
2000-10-24,D4,D4 Exceptional drought,0
2000-10-31,D4,D4 Exceptional drought,0
2000-11-07,D4,D4 Exceptional drought,0
2000-11-14,D4,D4 Exceptional drought,0
2000-11-21,D4,D4 Exceptional drought,0
2000-11-28,D4,D4 Exceptional drought,0
2000-12-05,D4,D4 Exceptional drought,0
2000-12-12,D4,D4 Exceptional drought,0
2000-12-19,D4,D4 Exceptional drought,0
2000-12-26,D4,D4 Exceptional drought,0
2001-01-02,D4,D4 Exceptional drought,0
2001-01-09,D4,D4 Exceptional drought,0
2001-01-16,D4,D4 Exceptional drought,0
2001-01-23,D4,D4 Exceptional drought,0
2001-01-30,D4,D4 Exceptional drought,0
2001-02-06,D4,D4 Exceptional drought,0
2001-02-13,D4,D4 Exceptional drought,0
2001-02-20,D4,D4 Exceptional drought,0
2001-02-27,D4,D4 Exceptional drought,0
2001-03-06,D4,D4 Exceptional drought,0
2001-03-13,D4,D4 Exceptional drought,0
2001-03-20,D4,D4 Exceptional drought,0
2001-03-27,D4,D4 Exceptional drought,0
2001-04-03,D4,D4 Exceptional drought,0
2001-04-10,D4,D4 Exceptional drought,0
2001-04-17,D4,D4 Exceptional drought,0
2001-04-24,D4,D4 Exceptional drought,0
2001-05-01,D4,D4 Exceptional drought,0
2001-05-08,D4,D4 Exceptional drought,0
2001-05-15,D4,D4 Exceptional drought,0
2001-05-22,D4,D4 Exceptional drought,0
2001-05-29,D4,D4 Exceptional drought,0
2001-06-05,D4,D4 Exceptional drought,0
2001-06-12,D4,D4 Exceptional drought,0
2001-06-19,D4,D4 Exceptional drought,0
2001-06-26,D4,D4 Exceptional drought,0
2001-07-03,D4,D4 Exceptional drought,0
2001-07-10,D4,D4 Exceptional drought,0
2001-07-17,D4,D4 Exceptional drought,0
2001-07-24,D4,D4 Exceptional drought,0
2001-07-31,D4,D4 Exceptional drought,0
2001-08-07,D4,D4 Exceptional drought,0
2001-08-14,D4,D4 Exceptional drought,0
2001-08-21,D4,D4 Exceptional drought,0
2001-08-28,D4,D4 Exceptional drought,0
2001-09-04,D4,D4 Exceptional drought,0
2001-09-11,D4,D4 Exceptional drought,0
2001-09-18,D4,D4 Exceptional drought,0
2001-09-25,D4,D4 Exceptional drought,0
2001-10-02,D4,D4 Exceptional drought,0
2001-10-09,D4,D4 Exceptional drought,0
2001-10-16,D4,D4 Exceptional drought,0
2001-10-23,D4,D4 Exceptional drought,0
2001-10-30,D4,D4 Exceptional drought,0
2001-11-06,D4,D4 Exceptional drought,0
2001-11-13,D4,D4 Exceptional drought,0
2001-11-20,D4,D4 Exceptional drought,0
2001-11-27,D4,D4 Exceptional drought,0
2001-12-04,D4,D4 Exceptional drought,0
2001-12-11,D4,D4 Exceptional drought,0
2001-12-18,D4,D4 Exceptional drought,0
2001-12-25,D4,D4 Exceptional drought,0
2002-01-01,D4,D4 Exceptional drought,0
2002-01-08,D4,D4 Exceptional drought,0
2002-01-15,D4,D4 Exceptional drought,0
2002-01-22,D4,D4 Exceptional drought,0
2002-01-29,D4,D4 Exceptional drought,0
2002-02-05,D4,D4 Exceptional drought,0
2002-02-12,D4,D4 Exceptional drought,0
2002-02-19,D4,D4 Exceptional drought,0
2002-02-26,D4,D4 Exceptional drought,0
2002-03-05,D4,D4 Exceptional drought,0
2002-03-12,D4,D4 Exceptional drought,0
2002-03-19,D4,D4 Exceptional drought,0
2002-03-26,D4,D4 Exceptional drought,0
2002-04-02,D4,D4 Exceptional drought,0
2002-04-09,D4,D4 Exceptional drought,0
2002-04-16,D4,D4 Exceptional drought,0
2002-04-23,D4,D4 Exceptional drought,0
2002-04-30,D4,D4 Exceptional drought,0
2002-05-07,D4,D4 Exceptional drought,0
2002-05-14,D4,D4 Exceptional drought,0
2002-05-21,D4,D4 Exceptional drought,0
2002-05-28,D4,D4 Exceptional drought,8.83386772
2002-06-04,D4,D4 Exceptional drought,8.878139168
2002-06-11,D4,D4 Exceptional drought,8.92215223
2002-06-18,D4,D4 Exceptional drought,9.53017914
2002-06-25,D4,D4 Exceptional drought,12.99859128
2002-07-02,D4,D4 Exceptional drought,17.57491726
2002-07-09,D4,D4 Exceptional drought,18.8482951
2002-07-16,D4,D4 Exceptional drought,18.95003841
2002-07-23,D4,D4 Exceptional drought,18.81976684
2002-07-30,D4,D4 Exceptional drought,13.1112817
2002-08-06,D4,D4 Exceptional drought,11.27222146
2002-08-13,D4,D4 Exceptional drought,11.34062424
2002-08-20,D4,D4 Exceptional drought,11.29148847
2002-08-27,D4,D4 Exceptional drought,11.4498732
2002-09-03,D4,D4 Exceptional drought,13.18012205
2002-09-10,D4,D4 Exceptional drought,11.52880497
2002-09-17,D4,D4 Exceptional drought,10.93317905
2002-09-24,D4,D4 Exceptional drought,8.505840109
2002-10-01,D4,D4 Exceptional drought,7.602429619
2002-10-08,D4,D4 Exceptional drought,3.767713633
2002-10-15,D4,D4 Exceptional drought,3.724969664
2002-10-22,D4,D4 Exceptional drought,3.739461621
2002-10-29,D4,D4 Exceptional drought,3.85550843
2002-11-05,D4,D4 Exceptional drought,3.806335016
2002-11-12,D4,D4 Exceptional drought,2.922933541
2002-11-19,D4,D4 Exceptional drought,3.064802687
2002-11-26,D4,D4 Exceptional drought,2.961892942
2002-12-03,D4,D4 Exceptional drought,2.928714824
2002-12-10,D4,D4 Exceptional drought,3.004843225
2002-12-17,D4,D4 Exceptional drought,3.038805388
2002-12-24,D4,D4 Exceptional drought,3.073016708
2002-12-31,D4,D4 Exceptional drought,3.069302027
2003-01-07,D4,D4 Exceptional drought,3.049648345
2003-01-14,D4,D4 Exceptional drought,3.092244168
2003-01-21,D4,D4 Exceptional drought,2.811602632
2003-01-28,D4,D4 Exceptional drought,3.073342406
2003-02-04,D4,D4 Exceptional drought,3.089254548
2003-02-11,D4,D4 Exceptional drought,3.137607285
2003-02-18,D4,D4 Exceptional drought,2.2836405
2003-02-25,D4,D4 Exceptional drought,2.300897261
2003-03-04,D4,D4 Exceptional drought,1.130351798
2003-03-11,D4,D4 Exceptional drought,1.146608742
2003-03-18,D4,D4 Exceptional drought,1.108399586
2003-03-25,D4,D4 Exceptional drought,0.603363741
2003-04-01,D4,D4 Exceptional drought,0.554770505
2003-04-08,D4,D4 Exceptional drought,0.002429662
2003-04-15,D4,D4 Exceptional drought,0
2003-04-22,D4,D4 Exceptional drought,0
2003-04-29,D4,D4 Exceptional drought,0
2003-05-06,D4,D4 Exceptional drought,0.004859324
2003-05-13,D4,D4 Exceptional drought,0.642645549
2003-05-20,D4,D4 Exceptional drought,0.637786225
2003-05-27,D4,D4 Exceptional drought,0.615919269
2003-06-03,D4,D4 Exceptional drought,0.65722352
2003-06-10,D4,D4 Exceptional drought,1.982255201
2003-06-17,D4,D4 Exceptional drought,2.016875013
2003-06-24,D4,D4 Exceptional drought,2.057125557
2003-07-01,D4,D4 Exceptional drought,2.008674271
2003-07-08,D4,D4 Exceptional drought,2.121066499
2003-07-15,D4,D4 Exceptional drought,1.994986993
2003-07-22,D4,D4 Exceptional drought,3.568982697
2003-07-29,D4,D4 Exceptional drought,4.42507378
2003-08-05,D4,D4 Exceptional drought,3.822790103
2003-08-12,D4,D4 Exceptional drought,3.609438754
2003-08-19,D4,D4 Exceptional drought,3.793625991
2003-08-26,D4,D4 Exceptional drought,3.845898606
2003-09-02,D4,D4 Exceptional drought,3.236519222
2003-09-09,D4,D4 Exceptional drought,3.211930276
2003-09-16,D4,D4 Exceptional drought,2.934152636
2003-09-23,D4,D4 Exceptional drought,2.934384507
2003-09-30,D4,D4 Exceptional drought,2.998149729
2003-10-07,D4,D4 Exceptional drought,2.784348218
2003-10-14,D4,D4 Exceptional drought,2.771532544
2003-10-21,D4,D4 Exceptional drought,2.57768656
2003-10-28,D4,D4 Exceptional drought,4.663978919
2003-11-04,D4,D4 Exceptional drought,4.866524731
2003-11-11,D4,D4 Exceptional drought,5.005536591
2003-11-18,D4,D4 Exceptional drought,4.865261391
2003-11-25,D4,D4 Exceptional drought,4.975952639
2003-12-02,D4,D4 Exceptional drought,5.315150006
2003-12-09,D4,D4 Exceptional drought,5.243812114
2003-12-16,D4,D4 Exceptional drought,5.329238808
2003-12-23,D4,D4 Exceptional drought,7.059304002
2003-12-30,D4,D4 Exceptional drought,6.784874391
2004-01-06,D4,D4 Exceptional drought,8.298073903
2004-01-13,D4,D4 Exceptional drought,8.077071696
2004-01-20,D4,D4 Exceptional drought,8.066601458
2004-01-27,D4,D4 Exceptional drought,8.350637959
2004-02-03,D4,D4 Exceptional drought,8.372504915
2004-02-10,D4,D4 Exceptional drought,8.372504915
2004-02-17,D4,D4 Exceptional drought,8.372504915
2004-02-24,D4,D4 Exceptional drought,8.372504915
2004-03-02,D4,D4 Exceptional drought,6.285106334
2004-03-09,D4,D4 Exceptional drought,5.802396178
2004-03-16,D4,D4 Exceptional drought,5.802396178
2004-03-23,D4,D4 Exceptional drought,5.802396178
2004-03-30,D4,D4 Exceptional drought,5.802396178
2004-04-06,D4,D4 Exceptional drought,0.28184077
2004-04-13,D4,D4 Exceptional drought,0.24175135
2004-04-20,D4,D4 Exceptional drought,0.24175135
2004-04-27,D4,D4 Exceptional drought,0.24175135
2004-05-04,D4,D4 Exceptional drought,0.24175135
2004-05-11,D4,D4 Exceptional drought,0.25511449
2004-05-18,D4,D4 Exceptional drought,0.286700094
2004-05-25,D4,D4 Exceptional drought,0.235677196
2004-06-01,D4,D4 Exceptional drought,0.235677196
2004-06-08,D4,D4 Exceptional drought,0.235677196
2004-06-15,D4,D4 Exceptional drought,0.235677196
2004-06-22,D4,D4 Exceptional drought,0.235677196
2004-06-29,D4,D4 Exceptional drought,0.235677196
2004-07-06,D4,D4 Exceptional drought,0.235677196
2004-07-13,D4,D4 Exceptional drought,0.235677196
2004-07-20,D4,D4 Exceptional drought,0.235677196
2004-07-27,D4,D4 Exceptional drought,0.235677196
2004-08-03,D4,D4 Exceptional drought,0.235677196
2004-08-10,D4,D4 Exceptional drought,0.235677196
2004-08-17,D4,D4 Exceptional drought,0.235677196
2004-08-24,D4,D4 Exceptional drought,0.199232268
2004-08-31,D4,D4 Exceptional drought,0.199232268
2004-09-07,D4,D4 Exceptional drought,0.199232268
2004-09-14,D4,D4 Exceptional drought,0.182224636
2004-09-21,D4,D4 Exceptional drought,0.182224636
2004-09-28,D4,D4 Exceptional drought,0.182224636
2004-10-05,D4,D4 Exceptional drought,0.182224636
2004-10-12,D4,D4 Exceptional drought,0.182224636
2004-10-19,D4,D4 Exceptional drought,0.182224636
2004-10-26,D4,D4 Exceptional drought,0.089897487
2004-11-02,D4,D4 Exceptional drought,0.089897487
2004-11-09,D4,D4 Exceptional drought,0.089897487
2004-11-16,D4,D4 Exceptional drought,0.089897487
2004-11-23,D4,D4 Exceptional drought,0.089897487
2004-11-30,D4,D4 Exceptional drought,0.089897487
2004-12-07,D4,D4 Exceptional drought,0.089897487
2004-12-14,D4,D4 Exceptional drought,0.089897487
2004-12-21,D4,D4 Exceptional drought,0.089897487
2004-12-28,D4,D4 Exceptional drought,0.089897487
2005-01-04,D4,D4 Exceptional drought,0.089897487
2005-01-11,D4,D4 Exceptional drought,0.065600869
2005-01-18,D4,D4 Exceptional drought,0.002429662
2005-01-25,D4,D4 Exceptional drought,0.002429662
2005-02-01,D4,D4 Exceptional drought,0.002429662
2005-02-08,D4,D4 Exceptional drought,0.004859324
2005-02-15,D4,D4 Exceptional drought,0.004859324
2005-02-22,D4,D4 Exceptional drought,0.004859324
2005-03-01,D4,D4 Exceptional drought,0.004859324
2005-03-08,D4,D4 Exceptional drought,0.004859324
2005-03-15,D4,D4 Exceptional drought,0.032800434
2005-03-22,D4,D4 Exceptional drought,0.032800434
2005-03-29,D4,D4 Exceptional drought,0
2005-04-05,D4,D4 Exceptional drought,0
2005-04-12,D4,D4 Exceptional drought,0.001214831
2005-04-19,D4,D4 Exceptional drought,0.001214831
2005-04-26,D4,D4 Exceptional drought,0
2005-05-03,D4,D4 Exceptional drought,0
2005-05-10,D4,D4 Exceptional drought,0
2005-05-17,D4,D4 Exceptional drought,0
2005-05-24,D4,D4 Exceptional drought,0
2005-05-31,D4,D4 Exceptional drought,0
2005-06-07,D4,D4 Exceptional drought,0
2005-06-14,D4,D4 Exceptional drought,0
2005-06-21,D4,D4 Exceptional drought,0
2005-06-28,D4,D4 Exceptional drought,0
2005-07-05,D4,D4 Exceptional drought,0
2005-07-12,D4,D4 Exceptional drought,0
2005-07-19,D4,D4 Exceptional drought,0
2005-07-26,D4,D4 Exceptional drought,0
2005-08-02,D4,D4 Exceptional drought,0
2005-08-09,D4,D4 Exceptional drought,0
2005-08-16,D4,D4 Exceptional drought,0
2005-08-23,D4,D4 Exceptional drought,0
2005-08-30,D4,D4 Exceptional drought,0
2005-09-06,D4,D4 Exceptional drought,0
2005-09-13,D4,D4 Exceptional drought,0
2005-09-20,D4,D4 Exceptional drought,0
2005-09-27,D4,D4 Exceptional drought,0
2005-10-04,D4,D4 Exceptional drought,0
2005-10-11,D4,D4 Exceptional drought,0
2005-10-18,D4,D4 Exceptional drought,0
2005-10-25,D4,D4 Exceptional drought,0
2005-11-01,D4,D4 Exceptional drought,0
2005-11-08,D4,D4 Exceptional drought,0
2005-11-15,D4,D4 Exceptional drought,0
2005-11-22,D4,D4 Exceptional drought,0
2005-11-29,D4,D4 Exceptional drought,0
2005-12-06,D4,D4 Exceptional drought,0
2005-12-13,D4,D4 Exceptional drought,0
2005-12-20,D4,D4 Exceptional drought,0
2005-12-27,D4,D4 Exceptional drought,0
2006-01-03,D4,D4 Exceptional drought,0
2006-01-10,D4,D4 Exceptional drought,0
2006-01-17,D4,D4 Exceptional drought,0
2006-01-24,D4,D4 Exceptional drought,0
2006-01-31,D4,D4 Exceptional drought,0
2006-02-07,D4,D4 Exceptional drought,0
2006-02-14,D4,D4 Exceptional drought,0
2006-02-21,D4,D4 Exceptional drought,0
2006-02-28,D4,D4 Exceptional drought,0
2006-03-07,D4,D4 Exceptional drought,0
2006-03-14,D4,D4 Exceptional drought,0
2006-03-21,D4,D4 Exceptional drought,0
2006-03-28,D4,D4 Exceptional drought,0
2006-04-04,D4,D4 Exceptional drought,0
2006-04-11,D4,D4 Exceptional drought,0
2006-04-18,D4,D4 Exceptional drought,0
2006-04-25,D4,D4 Exceptional drought,0
2006-05-02,D4,D4 Exceptional drought,2.520543245
2006-05-09,D4,D4 Exceptional drought,2.520543245
2006-05-16,D4,D4 Exceptional drought,2.85818845
2006-05-23,D4,D4 Exceptional drought,2.85818845
2006-05-30,D4,D4 Exceptional drought,2.85818845
2006-06-06,D4,D4 Exceptional drought,2.85818845
2006-06-13,D4,D4 Exceptional drought,2.810885212
2006-06-20,D4,D4 Exceptional drought,2.810885212
2006-06-27,D4,D4 Exceptional drought,3.187677688
2006-07-04,D4,D4 Exceptional drought,2.775000215
2006-07-11,D4,D4 Exceptional drought,1.072200424
2006-07-18,D4,D4 Exceptional drought,1.072200424
2006-07-25,D4,D4 Exceptional drought,1.072200424
2006-08-01,D4,D4 Exceptional drought,0.241408166
2006-08-08,D4,D4 Exceptional drought,0
2006-08-15,D4,D4 Exceptional drought,0
2006-08-22,D4,D4 Exceptional drought,0
2006-08-29,D4,D4 Exceptional drought,0
2006-09-05,D4,D4 Exceptional drought,0
2006-09-12,D4,D4 Exceptional drought,0
2006-09-19,D4,D4 Exceptional drought,0
2006-09-26,D4,D4 Exceptional drought,0
2006-10-03,D4,D4 Exceptional drought,0
2006-10-10,D4,D4 Exceptional drought,0
2006-10-17,D4,D4 Exceptional drought,0
2006-10-24,D4,D4 Exceptional drought,0
2006-10-31,D4,D4 Exceptional drought,0
2006-11-07,D4,D4 Exceptional drought,0
2006-11-14,D4,D4 Exceptional drought,0
2006-11-21,D4,D4 Exceptional drought,0
2006-11-28,D4,D4 Exceptional drought,0
2006-12-05,D4,D4 Exceptional drought,0
2006-12-12,D4,D4 Exceptional drought,0
2006-12-19,D4,D4 Exceptional drought,0
2006-12-26,D4,D4 Exceptional drought,0
2007-01-02,D4,D4 Exceptional drought,0
2007-01-09,D4,D4 Exceptional drought,0
2007-01-16,D4,D4 Exceptional drought,0
2007-01-23,D4,D4 Exceptional drought,0
2007-01-30,D4,D4 Exceptional drought,0
2007-02-06,D4,D4 Exceptional drought,0
2007-02-13,D4,D4 Exceptional drought,0
2007-02-20,D4,D4 Exceptional drought,0
2007-02-27,D4,D4 Exceptional drought,0
2007-03-06,D4,D4 Exceptional drought,0
2007-03-13,D4,D4 Exceptional drought,0
2007-03-20,D4,D4 Exceptional drought,0
2007-03-27,D4,D4 Exceptional drought,0
2007-04-03,D4,D4 Exceptional drought,0
2007-04-10,D4,D4 Exceptional drought,0
2007-04-17,D4,D4 Exceptional drought,0
2007-04-24,D4,D4 Exceptional drought,0
2007-05-01,D4,D4 Exceptional drought,0
2007-05-08,D4,D4 Exceptional drought,0
2007-05-15,D4,D4 Exceptional drought,0
2007-05-22,D4,D4 Exceptional drought,0
2007-05-29,D4,D4 Exceptional drought,0
2007-06-05,D4,D4 Exceptional drought,0
2007-06-12,D4,D4 Exceptional drought,0
2007-06-19,D4,D4 Exceptional drought,0
2007-06-26,D4,D4 Exceptional drought,0
2007-07-03,D4,D4 Exceptional drought,0
2007-07-10,D4,D4 Exceptional drought,0
2007-07-17,D4,D4 Exceptional drought,0
2007-07-24,D4,D4 Exceptional drought,0
2007-07-31,D4,D4 Exceptional drought,0
2007-08-07,D4,D4 Exceptional drought,0
2007-08-14,D4,D4 Exceptional drought,0
2007-08-21,D4,D4 Exceptional drought,0
2007-08-28,D4,D4 Exceptional drought,0
2007-09-04,D4,D4 Exceptional drought,0
2007-09-11,D4,D4 Exceptional drought,0
2007-09-18,D4,D4 Exceptional drought,0
2007-09-25,D4,D4 Exceptional drought,0
2007-10-02,D4,D4 Exceptional drought,0
2007-10-09,D4,D4 Exceptional drought,0
2007-10-16,D4,D4 Exceptional drought,0
2007-10-23,D4,D4 Exceptional drought,0
2007-10-30,D4,D4 Exceptional drought,0
2007-11-06,D4,D4 Exceptional drought,0
2007-11-13,D4,D4 Exceptional drought,0
2007-11-20,D4,D4 Exceptional drought,0
2007-11-27,D4,D4 Exceptional drought,0
2007-12-04,D4,D4 Exceptional drought,0
2007-12-11,D4,D4 Exceptional drought,0
2007-12-18,D4,D4 Exceptional drought,0
2007-12-25,D4,D4 Exceptional drought,0
2008-01-01,D4,D4 Exceptional drought,0
2008-01-08,D4,D4 Exceptional drought,0
2008-01-15,D4,D4 Exceptional drought,0
2008-01-22,D4,D4 Exceptional drought,0
2008-01-29,D4,D4 Exceptional drought,0
2008-02-05,D4,D4 Exceptional drought,0
2008-02-12,D4,D4 Exceptional drought,0
2008-02-19,D4,D4 Exceptional drought,0
2008-02-26,D4,D4 Exceptional drought,0
2008-03-04,D4,D4 Exceptional drought,0
2008-03-11,D4,D4 Exceptional drought,0
2008-03-18,D4,D4 Exceptional drought,0
2008-03-25,D4,D4 Exceptional drought,0
2008-04-01,D4,D4 Exceptional drought,0
2008-04-08,D4,D4 Exceptional drought,0
2008-04-15,D4,D4 Exceptional drought,0
2008-04-22,D4,D4 Exceptional drought,0
2008-04-29,D4,D4 Exceptional drought,0
2008-05-06,D4,D4 Exceptional drought,0
2008-05-13,D4,D4 Exceptional drought,0
2008-05-20,D4,D4 Exceptional drought,0
2008-05-27,D4,D4 Exceptional drought,0
2008-06-03,D4,D4 Exceptional drought,0
2008-06-10,D4,D4 Exceptional drought,0
2008-06-17,D4,D4 Exceptional drought,0.22241747
2008-06-24,D4,D4 Exceptional drought,0.079746637
2008-07-01,D4,D4 Exceptional drought,0.079746637
2008-07-08,D4,D4 Exceptional drought,0.180809544
2008-07-15,D4,D4 Exceptional drought,0.181560619
2008-07-22,D4,D4 Exceptional drought,0.122917758
2008-07-29,D4,D4 Exceptional drought,0.122917758
2008-08-05,D4,D4 Exceptional drought,0.122917758
2008-08-12,D4,D4 Exceptional drought,0
2008-08-19,D4,D4 Exceptional drought,0
2008-08-26,D4,D4 Exceptional drought,0
2008-09-02,D4,D4 Exceptional drought,0
2008-09-09,D4,D4 Exceptional drought,0
2008-09-16,D4,D4 Exceptional drought,0
2008-09-23,D4,D4 Exceptional drought,0
2008-09-30,D4,D4 Exceptional drought,0
2008-10-07,D4,D4 Exceptional drought,0
2008-10-14,D4,D4 Exceptional drought,0
2008-10-21,D4,D4 Exceptional drought,0
2008-10-28,D4,D4 Exceptional drought,0
2008-11-04,D4,D4 Exceptional drought,0
2008-11-11,D4,D4 Exceptional drought,0
2008-11-18,D4,D4 Exceptional drought,0
2008-11-25,D4,D4 Exceptional drought,0
2008-12-02,D4,D4 Exceptional drought,0
2008-12-09,D4,D4 Exceptional drought,0
2008-12-16,D4,D4 Exceptional drought,0
2008-12-23,D4,D4 Exceptional drought,0
2008-12-30,D4,D4 Exceptional drought,0
2009-01-06,D4,D4 Exceptional drought,0
2009-01-13,D4,D4 Exceptional drought,0
2009-01-20,D4,D4 Exceptional drought,0
2009-01-27,D4,D4 Exceptional drought,0
2009-02-03,D4,D4 Exceptional drought,0
2009-02-10,D4,D4 Exceptional drought,0
2009-02-17,D4,D4 Exceptional drought,0
2009-02-24,D4,D4 Exceptional drought,0
2009-03-03,D4,D4 Exceptional drought,0
2009-03-10,D4,D4 Exceptional drought,0
2009-03-17,D4,D4 Exceptional drought,0
2009-03-24,D4,D4 Exceptional drought,0
2009-03-31,D4,D4 Exceptional drought,0
2009-04-07,D4,D4 Exceptional drought,0
2009-04-14,D4,D4 Exceptional drought,0
2009-04-21,D4,D4 Exceptional drought,0
2009-04-28,D4,D4 Exceptional drought,0
2009-05-05,D4,D4 Exceptional drought,0
2009-05-12,D4,D4 Exceptional drought,0
2009-05-19,D4,D4 Exceptional drought,0
2009-05-26,D4,D4 Exceptional drought,0
2009-06-02,D4,D4 Exceptional drought,0
2009-06-09,D4,D4 Exceptional drought,0
2009-06-16,D4,D4 Exceptional drought,0
2009-06-23,D4,D4 Exceptional drought,0
2009-06-30,D4,D4 Exceptional drought,0
2009-07-07,D4,D4 Exceptional drought,0
2009-07-14,D4,D4 Exceptional drought,0
2009-07-21,D4,D4 Exceptional drought,0
2009-07-28,D4,D4 Exceptional drought,0
2009-08-04,D4,D4 Exceptional drought,0
2009-08-11,D4,D4 Exceptional drought,0
2009-08-18,D4,D4 Exceptional drought,0
2009-08-25,D4,D4 Exceptional drought,0
2009-09-01,D4,D4 Exceptional drought,0
2009-09-08,D4,D4 Exceptional drought,0
2009-09-15,D4,D4 Exceptional drought,0
2009-09-22,D4,D4 Exceptional drought,0
2009-09-29,D4,D4 Exceptional drought,0
2009-10-06,D4,D4 Exceptional drought,0
2009-10-13,D4,D4 Exceptional drought,0
2009-10-20,D4,D4 Exceptional drought,0
2009-10-27,D4,D4 Exceptional drought,0
2009-11-03,D4,D4 Exceptional drought,0
2009-11-10,D4,D4 Exceptional drought,0
2009-11-17,D4,D4 Exceptional drought,0
2009-11-24,D4,D4 Exceptional drought,0
2009-12-01,D4,D4 Exceptional drought,0
2009-12-08,D4,D4 Exceptional drought,0
2009-12-15,D4,D4 Exceptional drought,0
2009-12-22,D4,D4 Exceptional drought,0
2009-12-29,D4,D4 Exceptional drought,0
2010-01-05,D4,D4 Exceptional drought,0
2010-01-12,D4,D4 Exceptional drought,0
2010-01-19,D4,D4 Exceptional drought,0
2010-01-26,D4,D4 Exceptional drought,0
2010-02-02,D4,D4 Exceptional drought,0
2010-02-09,D4,D4 Exceptional drought,0
2010-02-16,D4,D4 Exceptional drought,0
2010-02-23,D4,D4 Exceptional drought,0
2010-03-02,D4,D4 Exceptional drought,0
2010-03-09,D4,D4 Exceptional drought,0
2010-03-16,D4,D4 Exceptional drought,0
2010-03-23,D4,D4 Exceptional drought,0
2010-03-30,D4,D4 Exceptional drought,0
2010-04-06,D4,D4 Exceptional drought,0
2010-04-13,D4,D4 Exceptional drought,0
2010-04-20,D4,D4 Exceptional drought,0
2010-04-27,D4,D4 Exceptional drought,0
2010-05-04,D4,D4 Exceptional drought,0
2010-05-11,D4,D4 Exceptional drought,0
2010-05-18,D4,D4 Exceptional drought,0
2010-05-25,D4,D4 Exceptional drought,0
2010-06-01,D4,D4 Exceptional drought,0
2010-06-08,D4,D4 Exceptional drought,0
2010-06-15,D4,D4 Exceptional drought,0
2010-06-22,D4,D4 Exceptional drought,0
2010-06-29,D4,D4 Exceptional drought,0
2010-07-06,D4,D4 Exceptional drought,0
2010-07-13,D4,D4 Exceptional drought,0
2010-07-20,D4,D4 Exceptional drought,0
2010-07-27,D4,D4 Exceptional drought,0
2010-08-03,D4,D4 Exceptional drought,0
2010-08-10,D4,D4 Exceptional drought,0
2010-08-17,D4,D4 Exceptional drought,0
2010-08-24,D4,D4 Exceptional drought,0
2010-08-31,D4,D4 Exceptional drought,0
2010-09-07,D4,D4 Exceptional drought,0
2010-09-14,D4,D4 Exceptional drought,0
2010-09-21,D4,D4 Exceptional drought,0
2010-09-28,D4,D4 Exceptional drought,0
2010-10-05,D4,D4 Exceptional drought,0
2010-10-12,D4,D4 Exceptional drought,0
2010-10-19,D4,D4 Exceptional drought,0
2010-10-26,D4,D4 Exceptional drought,0
2010-11-02,D4,D4 Exceptional drought,0
2010-11-09,D4,D4 Exceptional drought,0
2010-11-16,D4,D4 Exceptional drought,0
2010-11-23,D4,D4 Exceptional drought,0
2010-11-30,D4,D4 Exceptional drought,0
2010-12-07,D4,D4 Exceptional drought,0
2010-12-14,D4,D4 Exceptional drought,0
2010-12-21,D4,D4 Exceptional drought,0
2010-12-28,D4,D4 Exceptional drought,0
2011-01-04,D4,D4 Exceptional drought,0
2011-01-11,D4,D4 Exceptional drought,0
2011-01-18,D4,D4 Exceptional drought,0
2011-01-25,D4,D4 Exceptional drought,0
2011-02-01,D4,D4 Exceptional drought,0
2011-02-08,D4,D4 Exceptional drought,0
2011-02-15,D4,D4 Exceptional drought,0
2011-02-22,D4,D4 Exceptional drought,0
2011-03-01,D4,D4 Exceptional drought,0
2011-03-08,D4,D4 Exceptional drought,0
2011-03-15,D4,D4 Exceptional drought,0
2011-03-22,D4,D4 Exceptional drought,0
2011-03-29,D4,D4 Exceptional drought,0
2011-04-05,D4,D4 Exceptional drought,0
2011-04-12,D4,D4 Exceptional drought,0
2011-04-19,D4,D4 Exceptional drought,0
2011-04-26,D4,D4 Exceptional drought,0
2011-05-03,D4,D4 Exceptional drought,2.371467636
2011-05-10,D4,D4 Exceptional drought,5.244023078
2011-05-17,D4,D4 Exceptional drought,5.560869987
2011-05-24,D4,D4 Exceptional drought,5.650004035
2011-05-31,D4,D4 Exceptional drought,5.69796983
2011-06-07,D4,D4 Exceptional drought,8.039858508
2011-06-14,D4,D4 Exceptional drought,8.864343868
2011-06-21,D4,D4 Exceptional drought,9.59335703
2011-06-28,D4,D4 Exceptional drought,9.59335703
2011-07-05,D4,D4 Exceptional drought,9.691665994
2011-07-12,D4,D4 Exceptional drought,9.506515501
2011-07-19,D4,D4 Exceptional drought,9.488866261
2011-07-26,D4,D4 Exceptional drought,9.420772883
2011-08-02,D4,D4 Exceptional drought,9.370316125
2011-08-09,D4,D4 Exceptional drought,9.233491882
2011-08-16,D4,D4 Exceptional drought,7.897874643
2011-08-23,D4,D4 Exceptional drought,7.977171047
2011-08-30,D4,D4 Exceptional drought,5.821376971
2011-09-06,D4,D4 Exceptional drought,7.173269828
2011-09-13,D4,D4 Exceptional drought,7.005666177
2011-09-20,D4,D4 Exceptional drought,6.468040719
2011-09-27,D4,D4 Exceptional drought,6.468040719
2011-10-04,D4,D4 Exceptional drought,6.627860076
2011-10-11,D4,D4 Exceptional drought,4.871769537
2011-10-18,D4,D4 Exceptional drought,4.871769537
2011-10-25,D4,D4 Exceptional drought,4.871769537
2011-11-01,D4,D4 Exceptional drought,4.871769537
2011-11-08,D4,D4 Exceptional drought,4.885187926
2011-11-15,D4,D4 Exceptional drought,4.838949399
2011-11-22,D4,D4 Exceptional drought,4.838949399
2011-11-29,D4,D4 Exceptional drought,3.319729265
2011-12-06,D4,D4 Exceptional drought,3.28547008
2011-12-13,D4,D4 Exceptional drought,3.143452045
2011-12-20,D4,D4 Exceptional drought,3.095261133
2011-12-27,D4,D4 Exceptional drought,1.317095378
2012-01-03,D4,D4 Exceptional drought,1.317095378
2012-01-10,D4,D4 Exceptional drought,1.31535549
2012-01-17,D4,D4 Exceptional drought,1.31535549
2012-01-24,D4,D4 Exceptional drought,1.31535549
2012-01-31,D4,D4 Exceptional drought,1.414529118
2012-02-07,D4,D4 Exceptional drought,1.414529118
2012-02-14,D4,D4 Exceptional drought,1.414529118
2012-02-21,D4,D4 Exceptional drought,1.414529118
2012-02-28,D4,D4 Exceptional drought,1.414529118
2012-03-06,D4,D4 Exceptional drought,1.58851794
2012-03-13,D4,D4 Exceptional drought,1.58851794
2012-03-20,D4,D4 Exceptional drought,1.58851794
2012-03-27,D4,D4 Exceptional drought,1.58851794
2012-04-03,D4,D4 Exceptional drought,1.571119058
2012-04-10,D4,D4 Exceptional drought,1.571119058
2012-04-17,D4,D4 Exceptional drought,1.541540958
2012-04-24,D4,D4 Exceptional drought,1.541540958
2012-05-01,D4,D4 Exceptional drought,1.541540958
2012-05-08,D4,D4 Exceptional drought,0.607220987
2012-05-15,D4,D4 Exceptional drought,0.11657251
2012-05-22,D4,D4 Exceptional drought,0
2012-05-29,D4,D4 Exceptional drought,0
2012-06-05,D4,D4 Exceptional drought,0
2012-06-12,D4,D4 Exceptional drought,0
2012-06-19,D4,D4 Exceptional drought,0
2012-06-26,D4,D4 Exceptional drought,0
2012-07-03,D4,D4 Exceptional drought,0.822220429
2012-07-10,D4,D4 Exceptional drought,0.822220429
2012-07-17,D4,D4 Exceptional drought,0.263646768
2012-07-24,D4,D4 Exceptional drought,0.420047393
2012-07-31,D4,D4 Exceptional drought,0.487076232
2012-08-07,D4,D4 Exceptional drought,0.844563375
2012-08-14,D4,D4 Exceptional drought,1.368877852
2012-08-21,D4,D4 Exceptional drought,1.435906691
2012-08-28,D4,D4 Exceptional drought,1.948694118
2012-09-04,D4,D4 Exceptional drought,2.164425575
2012-09-11,D4,D4 Exceptional drought,2.517444129
2012-09-18,D4,D4 Exceptional drought,2.630648391
2012-09-25,D4,D4 Exceptional drought,2.630648391
2012-10-02,D4,D4 Exceptional drought,2.561141209
2012-10-09,D4,D4 Exceptional drought,2.206633125
2012-10-16,D4,D4 Exceptional drought,2.205143596
2012-10-23,D4,D4 Exceptional drought,2.205143596
2012-10-30,D4,D4 Exceptional drought,2.205143596
2012-11-06,D4,D4 Exceptional drought,2.157478643
2012-11-13,D4,D4 Exceptional drought,1.980224601
2012-11-20,D4,D4 Exceptional drought,2.039618538
2012-11-27,D4,D4 Exceptional drought,2.039618538
2012-12-04,D4,D4 Exceptional drought,2.176655276
2012-12-11,D4,D4 Exceptional drought,2.176655276
2012-12-18,D4,D4 Exceptional drought,2.176655276
2012-12-25,D4,D4 Exceptional drought,2.176655276
2013-01-01,D4,D4 Exceptional drought,2.176655276
2013-01-08,D4,D4 Exceptional drought,2.176655276
2013-01-15,D4,D4 Exceptional drought,2.179634336
2013-01-22,D4,D4 Exceptional drought,2.179634336
2013-01-29,D4,D4 Exceptional drought,2.179634336
2013-02-05,D4,D4 Exceptional drought,3.880677324
2013-02-12,D4,D4 Exceptional drought,3.880677324
2013-02-19,D4,D4 Exceptional drought,3.92417453
2013-02-26,D4,D4 Exceptional drought,4.475719094
2013-03-05,D4,D4 Exceptional drought,3.900234647
2013-03-12,D4,D4 Exceptional drought,3.900234647
2013-03-19,D4,D4 Exceptional drought,3.900234647
2013-03-26,D4,D4 Exceptional drought,2.818610923
2013-04-02,D4,D4 Exceptional drought,2.818610923
2013-04-09,D4,D4 Exceptional drought,2.788820327
2013-04-16,D4,D4 Exceptional drought,2.788820327
2013-04-23,D4,D4 Exceptional drought,3.177587595
2013-04-30,D4,D4 Exceptional drought,6.938748379
2013-05-07,D4,D4 Exceptional drought,9.611140951
2013-05-14,D4,D4 Exceptional drought,10.03928172
2013-05-21,D4,D4 Exceptional drought,10.16629356
2013-05-28,D4,D4 Exceptional drought,10.16629356
2013-06-04,D4,D4 Exceptional drought,10.14889468
2013-06-11,D4,D4 Exceptional drought,10.14714217
2013-06-18,D4,D4 Exceptional drought,10.29076189
2013-06-25,D4,D4 Exceptional drought,10.40559452
2013-07-02,D4,D4 Exceptional drought,11.39965815
2013-07-09,D4,D4 Exceptional drought,11.34050195
2013-07-16,D4,D4 Exceptional drought,10.44411025
2013-07-23,D4,D4 Exceptional drought,9.949981999
2013-07-30,D4,D4 Exceptional drought,7.949362971
2013-08-06,D4,D4 Exceptional drought,6.148126118
2013-08-13,D4,D4 Exceptional drought,5.243316763
2013-08-20,D4,D4 Exceptional drought,3.508673455
2013-08-27,D4,D4 Exceptional drought,3.446113205
2013-09-03,D4,D4 Exceptional drought,3.102048944
2013-09-10,D4,D4 Exceptional drought,3.102048944
2013-09-17,D4,D4 Exceptional drought,1.068616503
2013-09-24,D4,D4 Exceptional drought,1.068616503
2013-10-01,D4,D4 Exceptional drought,1.068616503
2013-10-08,D4,D4 Exceptional drought,1.068616503
2013-10-15,D4,D4 Exceptional drought,1.068616503
2013-10-22,D4,D4 Exceptional drought,1.068616503
2013-10-29,D4,D4 Exceptional drought,1.068616503
2013-11-05,D4,D4 Exceptional drought,1.068616503
2013-11-12,D4,D4 Exceptional drought,1.068616503
2013-11-19,D4,D4 Exceptional drought,1.068616503
2013-11-26,D4,D4 Exceptional drought,1.068616503
2013-12-03,D4,D4 Exceptional drought,1.068616503
2013-12-10,D4,D4 Exceptional drought,1.068616503
2013-12-17,D4,D4 Exceptional drought,1.068616503
2013-12-24,D4,D4 Exceptional drought,1.068616503
2013-12-31,D4,D4 Exceptional drought,1.068616503
2014-01-07,D4,D4 Exceptional drought,1.068616503
2014-01-14,D4,D4 Exceptional drought,1.068616503
2014-01-21,D4,D4 Exceptional drought,1.068616503
2014-01-28,D4,D4 Exceptional drought,3.122891099
2014-02-04,D4,D4 Exceptional drought,3.366499489
2014-02-11,D4,D4 Exceptional drought,3.366499489
2014-02-18,D4,D4 Exceptional drought,4.493188293
2014-02-25,D4,D4 Exceptional drought,7.208016407
2014-03-04,D4,D4 Exceptional drought,6.308539275
2014-03-11,D4,D4 Exceptional drought,6.308539275
2014-03-18,D4,D4 Exceptional drought,6.308539275
2014-03-25,D4,D4 Exceptional drought,7.008589058
2014-04-01,D4,D4 Exceptional drought,7.024985776
2014-04-08,D4,D4 Exceptional drought,7.024985776
2014-04-15,D4,D4 Exceptional drought,7.063263317
2014-04-22,D4,D4 Exceptional drought,8.024170824
2014-04-29,D4,D4 Exceptional drought,8.114645011
2014-05-06,D4,D4 Exceptional drought,8.165101769
2014-05-13,D4,D4 Exceptional drought,8.168080828
2014-05-20,D4,D4 Exceptional drought,8.367667256
2014-05-27,D4,D4 Exceptional drought,7.513382143
2014-06-03,D4,D4 Exceptional drought,7.507424024
2014-06-10,D4,D4 Exceptional drought,7.460447042
2014-06-17,D4,D4 Exceptional drought,9.832900214
2014-06-24,D4,D4 Exceptional drought,9.832900214
2014-07-01,D4,D4 Exceptional drought,10.64805137
2014-07-08,D4,D4 Exceptional drought,10.54825287
2014-07-15,D4,D4 Exceptional drought,10.51059414
2014-07-22,D4,D4 Exceptional drought,10.50537448
2014-07-29,D4,D4 Exceptional drought,15.70019448
2014-08-05,D4,D4 Exceptional drought,15.64061329
2014-08-12,D4,D4 Exceptional drought,15.56315774
2014-08-19,D4,D4 Exceptional drought,15.56315774
2014-08-26,D4,D4 Exceptional drought,15.56315774
2014-09-02,D4,D4 Exceptional drought,15.56315774
2014-09-09,D4,D4 Exceptional drought,15.56315774
2014-09-16,D4,D4 Exceptional drought,15.56315774
2014-09-23,D4,D4 Exceptional drought,15.56315774
2014-09-30,D4,D4 Exceptional drought,15.56315774
2014-10-07,D4,D4 Exceptional drought,15.56315774
2014-10-14,D4,D4 Exceptional drought,15.56315774
2014-10-21,D4,D4 Exceptional drought,15.56315774
2014-10-28,D4,D4 Exceptional drought,15.56315774
2014-11-04,D4,D4 Exceptional drought,14.78314242
2014-11-11,D4,D4 Exceptional drought,14.78314242
2014-11-18,D4,D4 Exceptional drought,14.78314242
2014-11-25,D4,D4 Exceptional drought,14.78314242
2014-12-02,D4,D4 Exceptional drought,14.78314242
2014-12-09,D4,D4 Exceptional drought,14.78314242
2014-12-16,D4,D4 Exceptional drought,9.426100226
2014-12-23,D4,D4 Exceptional drought,9.426100226
2014-12-30,D4,D4 Exceptional drought,9.426100226
2015-01-06,D4,D4 Exceptional drought,9.426100226
2015-01-13,D4,D4 Exceptional drought,11.09760232
2015-01-20,D4,D4 Exceptional drought,11.09760232
2015-01-27,D4,D4 Exceptional drought,12.12503185
2015-02-03,D4,D4 Exceptional drought,12.12503185
2015-02-10,D4,D4 Exceptional drought,12.12503185
2015-02-17,D4,D4 Exceptional drought,12.55877236
2015-02-24,D4,D4 Exceptional drought,12.25894665
2015-03-03,D4,D4 Exceptional drought,12.25894665
2015-03-10,D4,D4 Exceptional drought,12.25894665
2015-03-17,D4,D4 Exceptional drought,12.25894665
2015-03-24,D4,D4 Exceptional drought,12.60796252
2015-03-31,D4,D4 Exceptional drought,12.60796252
2015-04-07,D4,D4 Exceptional drought,13.28959753
2015-04-14,D4,D4 Exceptional drought,13.28959753
2015-04-21,D4,D4 Exceptional drought,13.86348268
2015-04-28,D4,D4 Exceptional drought,13.86348268
2015-05-05,D4,D4 Exceptional drought,13.86348268
2015-05-12,D4,D4 Exceptional drought,13.86348268
2015-05-19,D4,D4 Exceptional drought,13.86348268
2015-05-26,D4,D4 Exceptional drought,13.85411313
2015-06-02,D4,D4 Exceptional drought,13.85411313
2015-06-09,D4,D4 Exceptional drought,13.57722349
2015-06-16,D4,D4 Exceptional drought,12.69908779
2015-06-23,D4,D4 Exceptional drought,12.69908779
2015-06-30,D4,D4 Exceptional drought,12.69908779
2015-07-07,D4,D4 Exceptional drought,12.69908779
2015-07-14,D4,D4 Exceptional drought,12.52809344
2015-07-21,D4,D4 Exceptional drought,12.52809344
2015-07-28,D4,D4 Exceptional drought,12.52809344
2015-08-04,D4,D4 Exceptional drought,12.52809344
2015-08-11,D4,D4 Exceptional drought,13.29547329
2015-08-18,D4,D4 Exceptional drought,13.29547329
2015-08-25,D4,D4 Exceptional drought,13.29547329
2015-09-01,D4,D4 Exceptional drought,13.29547329
2015-09-08,D4,D4 Exceptional drought,13.29547329
2015-09-15,D4,D4 Exceptional drought,13.29547329
2015-09-22,D4,D4 Exceptional drought,13.29547329
2015-09-29,D4,D4 Exceptional drought,13.29547329
2015-10-06,D4,D4 Exceptional drought,13.29547329
2015-10-13,D4,D4 Exceptional drought,13.29547329
2015-10-20,D4,D4 Exceptional drought,13.29547329
2015-10-27,D4,D4 Exceptional drought,13.29547329
2015-11-03,D4,D4 Exceptional drought,12.07283811
2015-11-10,D4,D4 Exceptional drought,11.9826512
2015-11-17,D4,D4 Exceptional drought,11.9826512
2015-11-24,D4,D4 Exceptional drought,11.9826512
2015-12-01,D4,D4 Exceptional drought,11.9826512
2015-12-08,D4,D4 Exceptional drought,11.9826512
2015-12-15,D4,D4 Exceptional drought,11.9826512
2015-12-22,D4,D4 Exceptional drought,11.9826512
2015-12-29,D4,D4 Exceptional drought,11.9826512
2016-01-05,D4,D4 Exceptional drought,11.9826512
2016-01-12,D4,D4 Exceptional drought,11.47201054
2016-01-19,D4,D4 Exceptional drought,10.75209748
2016-01-26,D4,D4 Exceptional drought,10.17821233
2016-02-02,D4,D4 Exceptional drought,9.989239037
2016-02-09,D4,D4 Exceptional drought,9.735005709
2016-02-16,D4,D4 Exceptional drought,9.735005709
2016-02-23,D4,D4 Exceptional drought,9.735005709
2016-03-01,D4,D4 Exceptional drought,9.735005709
2016-03-08,D4,D4 Exceptional drought,9.735005709
2016-03-15,D4,D4 Exceptional drought,8.314666546
2016-03-22,D4,D4 Exceptional drought,8.314666546
2016-03-29,D4,D4 Exceptional drought,8.314666546
2016-04-05,D4,D4 Exceptional drought,7.597895707
2016-04-12,D4,D4 Exceptional drought,7.597895707
2016-04-19,D4,D4 Exceptional drought,4.928385119
2016-04-26,D4,D4 Exceptional drought,4.928385119
2016-05-03,D4,D4 Exceptional drought,4.928385119
2016-05-10,D4,D4 Exceptional drought,4.928385119
2016-05-17,D4,D4 Exceptional drought,4.928385119
2016-05-24,D4,D4 Exceptional drought,4.928385119
2016-05-31,D4,D4 Exceptional drought,4.928385119
2016-06-07,D4,D4 Exceptional drought,4.928385119
2016-06-14,D4,D4 Exceptional drought,4.928385119
2016-06-21,D4,D4 Exceptional drought,4.928385119
2016-06-28,D4,D4 Exceptional drought,4.928385119
2016-07-05,D4,D4 Exceptional drought,4.928385119
2016-07-12,D4,D4 Exceptional drought,4.928385119
2016-07-19,D4,D4 Exceptional drought,4.928385119
2016-07-26,D4,D4 Exceptional drought,4.928385119
2016-08-02,D4,D4 Exceptional drought,4.928385119
2016-08-09,D4,D4 Exceptional drought,4.928385119
2016-08-16,D4,D4 Exceptional drought,4.928385119
2016-08-23,D4,D4 Exceptional drought,4.928385119
2016-08-30,D4,D4 Exceptional drought,4.928385119
2016-09-06,D4,D4 Exceptional drought,4.928385119
2016-09-13,D4,D4 Exceptional drought,4.928385119
2016-09-20,D4,D4 Exceptional drought,4.928385119
2016-09-27,D4,D4 Exceptional drought,4.928385119
2016-10-04,D4,D4 Exceptional drought,4.928385119
2016-10-11,D4,D4 Exceptional drought,4.928385119
2016-10-18,D4,D4 Exceptional drought,4.928385119
2016-10-25,D4,D4 Exceptional drought,4.928385119
2016-11-01,D4,D4 Exceptional drought,4.928385119
2016-11-08,D4,D4 Exceptional drought,4.928385119
2016-11-15,D4,D4 Exceptional drought,4.928385119
2016-11-22,D4,D4 Exceptional drought,4.928385119
2016-11-29,D4,D4 Exceptional drought,4.928385119
2016-12-06,D4,D4 Exceptional drought,4.928385119
2016-12-13,D4,D4 Exceptional drought,4.928385119
2016-12-20,D4,D4 Exceptional drought,4.62621702
2016-12-27,D4,D4 Exceptional drought,4.288913096
2017-01-03,D4,D4 Exceptional drought,4.288913096
2017-01-10,D4,D4 Exceptional drought,0.498928722
2017-01-17,D4,D4 Exceptional drought,0.498928722
2017-01-24,D4,D4 Exceptional drought,0
2017-01-31,D4,D4 Exceptional drought,0
2017-02-07,D4,D4 Exceptional drought,0
2017-02-14,D4,D4 Exceptional drought,0
2017-02-21,D4,D4 Exceptional drought,0
2017-02-28,D4,D4 Exceptional drought,0
2017-03-07,D4,D4 Exceptional drought,0
2017-03-14,D4,D4 Exceptional drought,0
2017-03-21,D4,D4 Exceptional drought,0
2017-03-28,D4,D4 Exceptional drought,0
2017-04-04,D4,D4 Exceptional drought,0
2017-04-11,D4,D4 Exceptional drought,0
2017-04-18,D4,D4 Exceptional drought,0
2017-04-25,D4,D4 Exceptional drought,0
2017-05-02,D4,D4 Exceptional drought,0
2017-05-09,D4,D4 Exceptional drought,0
2017-05-16,D4,D4 Exceptional drought,0
2017-05-23,D4,D4 Exceptional drought,0
2017-05-30,D4,D4 Exceptional drought,0
2017-06-06,D4,D4 Exceptional drought,0
2017-06-13,D4,D4 Exceptional drought,0
2017-06-20,D4,D4 Exceptional drought,0
2017-06-27,D4,D4 Exceptional drought,0
2017-07-04,D4,D4 Exceptional drought,0
2017-07-11,D4,D4 Exceptional drought,0
2017-07-18,D4,D4 Exceptional drought,0
2017-07-25,D4,D4 Exceptional drought,0
2017-08-01,D4,D4 Exceptional drought,0
2017-08-08,D4,D4 Exceptional drought,0
2017-08-15,D4,D4 Exceptional drought,0
2017-08-22,D4,D4 Exceptional drought,0
2017-08-29,D4,D4 Exceptional drought,0
2017-09-05,D4,D4 Exceptional drought,0
2017-09-12,D4,D4 Exceptional drought,0
2017-09-19,D4,D4 Exceptional drought,0
2017-09-26,D4,D4 Exceptional drought,0
2017-10-03,D4,D4 Exceptional drought,0
2017-10-10,D4,D4 Exceptional drought,0
2017-10-17,D4,D4 Exceptional drought,0
2017-10-24,D4,D4 Exceptional drought,0
2017-10-31,D4,D4 Exceptional drought,0
2017-11-07,D4,D4 Exceptional drought,0
2017-11-14,D4,D4 Exceptional drought,0
2017-11-21,D4,D4 Exceptional drought,0
2017-11-28,D4,D4 Exceptional drought,0
2017-12-05,D4,D4 Exceptional drought,0
2017-12-12,D4,D4 Exceptional drought,0
2017-12-19,D4,D4 Exceptional drought,0
2017-12-26,D4,D4 Exceptional drought,0
2018-01-02,D4,D4 Exceptional drought,0
2018-01-09,D4,D4 Exceptional drought,0
2018-01-16,D4,D4 Exceptional drought,0
2018-01-23,D4,D4 Exceptional drought,0
2018-01-30,D4,D4 Exceptional drought,0
2018-02-06,D4,D4 Exceptional drought,0
2018-02-13,D4,D4 Exceptional drought,0
2018-02-20,D4,D4 Exceptional drought,0
2018-02-27,D4,D4 Exceptional drought,0
2018-03-06,D4,D4 Exceptional drought,0
2018-03-13,D4,D4 Exceptional drought,0
2018-03-20,D4,D4 Exceptional drought,0
2018-03-27,D4,D4 Exceptional drought,0
2018-04-03,D4,D4 Exceptional drought,0
2018-04-10,D4,D4 Exceptional drought,1.376094216
2018-04-17,D4,D4 Exceptional drought,2.88736039
2018-04-24,D4,D4 Exceptional drought,4.190205684
2018-05-01,D4,D4 Exceptional drought,4.613785398
2018-05-08,D4,D4 Exceptional drought,5.002308747
2018-05-15,D4,D4 Exceptional drought,6.860422873
2018-05-22,D4,D4 Exceptional drought,7.73797418
2018-05-29,D4,D4 Exceptional drought,7.389996537
2018-06-05,D4,D4 Exceptional drought,7.372597655
2018-06-12,D4,D4 Exceptional drought,7.372597655
2018-06-19,D4,D4 Exceptional drought,7.346499332
2018-06-26,D4,D4 Exceptional drought,7.889606919
2018-07-03,D4,D4 Exceptional drought,7.889606919
2018-07-10,D4,D4 Exceptional drought,8.154251
2018-07-17,D4,D4 Exceptional drought,8.030284644
2018-07-24,D4,D4 Exceptional drought,6.847851405
2018-07-31,D4,D4 Exceptional drought,6.81902438
2018-08-07,D4,D4 Exceptional drought,6.396284089
2018-08-14,D4,D4 Exceptional drought,6.081474791
2018-08-21,D4,D4 Exceptional drought,6.081474791
2018-08-28,D4,D4 Exceptional drought,6.081474791
2018-09-04,D4,D4 Exceptional drought,6.263197422
2018-09-11,D4,D4 Exceptional drought,6.263197422
2018-09-18,D4,D4 Exceptional drought,6.695161053
2018-09-25,D4,D4 Exceptional drought,7.402151171
2018-10-02,D4,D4 Exceptional drought,7.402151171
2018-10-09,D4,D4 Exceptional drought,6.231437658
2018-10-16,D4,D4 Exceptional drought,5.798860294
2018-10-23,D4,D4 Exceptional drought,5.798860294
2018-10-30,D4,D4 Exceptional drought,5.798860294
2018-11-06,D4,D4 Exceptional drought,5.75864299
2018-11-13,D4,D4 Exceptional drought,5.679000097
2018-11-20,D4,D4 Exceptional drought,5.679000097
2018-11-27,D4,D4 Exceptional drought,5.679000097
2018-12-04,D4,D4 Exceptional drought,5.050373177
2018-12-11,D4,D4 Exceptional drought,5.046728684
2018-12-18,D4,D4 Exceptional drought,4.951034832
2018-12-25,D4,D4 Exceptional drought,4.951034832
2019-01-01,D4,D4 Exceptional drought,4.893618521
2019-01-08,D4,D4 Exceptional drought,4.787861908
2019-01-15,D4,D4 Exceptional drought,4.787861908
2019-01-22,D4,D4 Exceptional drought,0.664382818
2019-01-29,D4,D4 Exceptional drought,0.664382818
2019-02-05,D4,D4 Exceptional drought,0.701884042
2019-02-12,D4,D4 Exceptional drought,0.279107948
2019-02-19,D4,D4 Exceptional drought,0.279107948
2019-02-26,D4,D4 Exceptional drought,0.153110163
2019-03-05,D4,D4 Exceptional drought,0.153110163
2019-03-12,D4,D4 Exceptional drought,0.153110163
2019-03-19,D4,D4 Exceptional drought,0
2019-03-26,D4,D4 Exceptional drought,0
2019-04-02,D4,D4 Exceptional drought,0
2019-04-09,D4,D4 Exceptional drought,0
2019-04-16,D4,D4 Exceptional drought,0
2019-04-23,D4,D4 Exceptional drought,0
2019-04-30,D4,D4 Exceptional drought,0
2019-05-07,D4,D4 Exceptional drought,0
2019-05-14,D4,D4 Exceptional drought,0
2019-05-21,D4,D4 Exceptional drought,0
2019-05-28,D4,D4 Exceptional drought,0
2019-06-04,D4,D4 Exceptional drought,0
2019-06-11,D4,D4 Exceptional drought,0
2019-06-18,D4,D4 Exceptional drought,0
2019-06-25,D4,D4 Exceptional drought,0
2019-07-02,D4,D4 Exceptional drought,0
2019-07-09,D4,D4 Exceptional drought,0
2019-07-16,D4,D4 Exceptional drought,0
2019-07-23,D4,D4 Exceptional drought,0
2019-07-30,D4,D4 Exceptional drought,0
2019-08-06,D4,D4 Exceptional drought,0
2019-08-13,D4,D4 Exceptional drought,0
2019-08-20,D4,D4 Exceptional drought,0
2019-08-27,D4,D4 Exceptional drought,0
2019-09-03,D4,D4 Exceptional drought,0
2019-09-10,D4,D4 Exceptional drought,0
2019-09-17,D4,D4 Exceptional drought,0
2019-09-24,D4,D4 Exceptional drought,0
2019-10-01,D4,D4 Exceptional drought,0
2019-10-08,D4,D4 Exceptional drought,0
2019-10-15,D4,D4 Exceptional drought,0
2019-10-22,D4,D4 Exceptional drought,0
2019-10-29,D4,D4 Exceptional drought,0
2019-11-05,D4,D4 Exceptional drought,0
2019-11-12,D4,D4 Exceptional drought,0
2019-11-19,D4,D4 Exceptional drought,0
2019-11-26,D4,D4 Exceptional drought,0
2019-12-03,D4,D4 Exceptional drought,0
2019-12-10,D4,D4 Exceptional drought,0
2019-12-17,D4,D4 Exceptional drought,0
2019-12-24,D4,D4 Exceptional drought,0
2019-12-31,D4,D4 Exceptional drought,0
2020-01-07,D4,D4 Exceptional drought,0
2020-01-14,D4,D4 Exceptional drought,0
2020-01-21,D4,D4 Exceptional drought,0
2020-01-28,D4,D4 Exceptional drought,0
2020-02-04,D4,D4 Exceptional drought,0
2020-02-11,D4,D4 Exceptional drought,0
2020-02-18,D4,D4 Exceptional drought,0
2020-02-25,D4,D4 Exceptional drought,0
2020-03-03,D4,D4 Exceptional drought,0
2020-03-10,D4,D4 Exceptional drought,0
2020-03-17,D4,D4 Exceptional drought,0
2020-03-24,D4,D4 Exceptional drought,0
2020-03-31,D4,D4 Exceptional drought,0
2020-04-07,D4,D4 Exceptional drought,0
2020-04-14,D4,D4 Exceptional drought,0
2020-04-21,D4,D4 Exceptional drought,0
2020-04-28,D4,D4 Exceptional drought,0
2020-05-05,D4,D4 Exceptional drought,0
2020-05-12,D4,D4 Exceptional drought,0
2020-05-19,D4,D4 Exceptional drought,0
2020-05-26,D4,D4 Exceptional drought,0
2020-06-02,D4,D4 Exceptional drought,0
2020-06-09,D4,D4 Exceptional drought,0
2020-06-16,D4,D4 Exceptional drought,0
2020-06-23,D4,D4 Exceptional drought,0
2020-06-30,D4,D4 Exceptional drought,0.204065577
2020-07-07,D4,D4 Exceptional drought,0
2020-07-14,D4,D4 Exceptional drought,0
2020-07-21,D4,D4 Exceptional drought,0
2020-07-28,D4,D4 Exceptional drought,0
2020-08-04,D4,D4 Exceptional drought,0
2020-08-11,D4,D4 Exceptional drought,0
2020-08-18,D4,D4 Exceptional drought,0
2020-08-25,D4,D4 Exceptional drought,0.056602131
2020-09-01,D4,D4 Exceptional drought,0.056602131
2020-09-08,D4,D4 Exceptional drought,0.421051402
2020-09-15,D4,D4 Exceptional drought,1.538077265
2020-09-22,D4,D4 Exceptional drought,2.19762822
2020-09-29,D4,D4 Exceptional drought,3.920171284
2020-10-06,D4,D4 Exceptional drought,7.63925535
2020-10-13,D4,D4 Exceptional drought,7.63925535
2020-10-20,D4,D4 Exceptional drought,10.35140008
2020-10-27,D4,D4 Exceptional drought,10.35140008
2020-11-03,D4,D4 Exceptional drought,10.72898957
2020-11-10,D4,D4 Exceptional drought,14.1509641
2020-11-17,D4,D4 Exceptional drought,20.82170497
2020-11-24,D4,D4 Exceptional drought,33.01286018
2020-12-01,D4,D4 Exceptional drought,37.46362364
2020-12-08,D4,D4 Exceptional drought,37.59619179
2020-12-15,D4,D4 Exceptional drought,37.57837414
2020-12-22,D4,D4 Exceptional drought,37.57837414
2020-12-29,D4,D4 Exceptional drought,37.57837414
2021-01-05,D4,D4 Exceptional drought,37.57837414
2021-01-12,D4,D4 Exceptional drought,37.52990763
2021-01-19,D4,D4 Exceptional drought,37.93677347
2021-01-26,D4,D4 Exceptional drought,36.59543375
2021-02-02,D4,D4 Exceptional drought,35.72858266
2021-02-09,D4,D4 Exceptional drought,35.76512031
2021-02-16,D4,D4 Exceptional drought,33.08381921
2021-02-23,D4,D4 Exceptional drought,34.71046324
2021-03-02,D4,D4 Exceptional drought,34.69480425
2021-03-09,D4,D4 Exceptional drought,34.63390816
2021-03-16,D4,D4 Exceptional drought,34.51623531
2021-03-23,D4,D4 Exceptional drought,35.03233224
2021-03-30,D4,D4 Exceptional drought,34.94790452
2021-04-06,D4,D4 Exceptional drought,34.98618206
2021-04-13,D4,D4 Exceptional drought,35.4738918
2021-04-20,D4,D4 Exceptional drought,35.4738918
2021-04-27,D4,D4 Exceptional drought,35.71832498
2021-05-04,D4,D4 Exceptional drought,35.49418024
2021-05-11,D4,D4 Exceptional drought,37.67274988
2021-05-18,D4,D4 Exceptional drought,37.48208638
2021-05-25,D4,D4 Exceptional drought,40.07050644
2021-06-01,D4,D4 Exceptional drought,39.01961396
2021-06-08,D4,D4 Exceptional drought,39.82113676
2021-06-15,D4,D4 Exceptional drought,39.82113676
2021-06-22,D4,D4 Exceptional drought,39.75693192
2021-06-29,D4,D4 Exceptional drought,39.48728711
2021-07-06,D4,D4 Exceptional drought,38.65214077
2021-07-13,D4,D4 Exceptional drought,38.62962061
2021-07-20,D4,D4 Exceptional drought,35.00464767
2021-07-27,D4,D4 Exceptional drought,27.62609061
2021-08-03,D4,D4 Exceptional drought,25.34412201
2021-08-10,D4,D4 Exceptional drought,24.94519903
2021-08-17,D4,D4 Exceptional drought,24.80775809
2021-08-24,D4,D4 Exceptional drought,21.45726195
2021-08-31,D4,D4 Exceptional drought,18.97306592
2021-09-07,D4,D4 Exceptional drought,17.91217232
2021-09-14,D4,D4 Exceptional drought,17.91217232
2021-09-21,D4,D4 Exceptional drought,17.88058672
2021-09-28,D4,D4 Exceptional drought,17.67707739
2021-10-05,D4,D4 Exceptional drought,17.30130623
2021-10-12,D4,D4 Exceptional drought,17.07413285
2021-10-19,D4,D4 Exceptional drought,16.65623101
2021-10-26,D4,D4 Exceptional drought,15.03529827
2021-11-02,D4,D4 Exceptional drought,14.74483996
2021-11-09,D4,D4 Exceptional drought,13.94796687
2021-11-16,D4,D4 Exceptional drought,13.94796687
2021-11-23,D4,D4 Exceptional drought,11.75783375
2021-11-30,D4,D4 Exceptional drought,11.75783375
2021-12-07,D4,D4 Exceptional drought,11.75783375
2021-12-14,D4,D4 Exceptional drought,10.56859747
2021-12-21,D4,D4 Exceptional drought,9.181133482
2021-12-28,D4,D4 Exceptional drought,1.383430495
2022-01-04,D4,D4 Exceptional drought,1.383430495
2022-01-11,D4,D4 Exceptional drought,1.186669872
2022-01-18,D4,D4 Exceptional drought,1.186669872
2022-01-25,D4,D4 Exceptional drought,1.513768856
2022-02-01,D4,D4 Exceptional drought,1.62686159
2022-02-08,D4,D4 Exceptional drought,1.62686159
2022-02-15,D4,D4 Exceptional drought,1.62686159
2022-02-22,D4,D4 Exceptional drought,1.62686159
2022-03-01,D4,D4 Exceptional drought,1.682024675
2022-03-08,D4,D4 Exceptional drought,1.875890721
2022-03-15,D4,D4 Exceptional drought,1.875890721
2022-03-22,D4,D4 Exceptional drought,2.168191941
2022-03-29,D4,D4 Exceptional drought,2.168191941
2022-04-05,D4,D4 Exceptional drought,2.255186352
2022-04-12,D4,D4 Exceptional drought,2.513114799
2022-04-19,D4,D4 Exceptional drought,2.513114799
2022-04-26,D4,D4 Exceptional drought,4.126030439
2022-05-03,D4,D4 Exceptional drought,5.67453095
2022-05-10,D4,D4 Exceptional drought,5.776069332
2022-05-17,D4,D4 Exceptional drought,10.51810256
2022-05-24,D4,D4 Exceptional drought,14.94352186
2022-05-31,D4,D4 Exceptional drought,14.70221804
2022-06-07,D4,D4 Exceptional drought,15.52467608
2022-06-14,D4,D4 Exceptional drought,16.38403146
2022-06-21,D4,D4 Exceptional drought,16.62578281
2022-06-28,D4,D4 Exceptional drought,9.600114204
2022-07-05,D4,D4 Exceptional drought,9.499726646
2022-07-12,D4,D4 Exceptional drought,11.09551244
2022-07-19,D4,D4 Exceptional drought,11.06071467
2022-07-26,D4,D4 Exceptional drought,10.909019
2022-08-02,D4,D4 Exceptional drought,10.05568341
2022-08-09,D4,D4 Exceptional drought,5.689466658
2022-08-16,D4,D4 Exceptional drought,4.519582736
2022-08-23,D4,D4 Exceptional drought,4.4626504
2022-08-30,D4,D4 Exceptional drought,4.450220824
2022-09-06,D4,D4 Exceptional drought,4.410203395
2022-09-13,D4,D4 Exceptional drought,4.407224335
2022-09-20,D4,D4 Exceptional drought,4.407224335
2022-09-27,D4,D4 Exceptional drought,4.407224335
2022-10-04,D4,D4 Exceptional drought,4.438542323
2022-10-11,D4,D4 Exceptional drought,4.381970328
2022-10-18,D4,D4 Exceptional drought,4.381970328
2022-10-25,D4,D4 Exceptional drought,4.231331296
2022-11-01,D4,D4 Exceptional drought,4.231331296
2022-11-08,D4,D4 Exceptional drought,4.231331296
2022-11-15,D4,D4 Exceptional drought,3.331854164
2022-11-22,D4,D4 Exceptional drought,3.331854164
2022-11-29,D4,D4 Exceptional drought,3.331854164
2022-12-06,D4,D4 Exceptional drought,3.333343693
2022-12-13,D4,D4 Exceptional drought,2.028633374
2022-12-20,D4,D4 Exceptional drought,2.021185725
2022-12-27,D4,D4 Exceptional drought,2.021185725
2023-01-03,D4,D4 Exceptional drought,0.266580109
2023-01-10,D4,D4 Exceptional drought,0.039015995
2023-01-17,D4,D4 Exceptional drought,0.039015995
2023-01-24,D4,D4 Exceptional drought,0.039015995
2023-01-31,D4,D4 Exceptional drought,0.039015995
2023-02-07,D4,D4 Exceptional drought,0.056890352
2023-02-14,D4,D4 Exceptional drought,0.056890352
2023-02-21,D4,D4 Exceptional drought,0.056890352
2023-02-28,D4,D4 Exceptional drought,0.056890352
2023-03-07,D4,D4 Exceptional drought,0.056890352
2023-03-14,D4,D4 Exceptional drought,0.056890352
2023-03-21,D4,D4 Exceptional drought,0.056890352
2023-03-28,D4,D4 Exceptional drought,0.100587432
2023-04-04,D4,D4 Exceptional drought,0.100587432
2023-04-11,D4,D4 Exceptional drought,0.100587432
2023-04-18,D4,D4 Exceptional drought,0.100587432
2023-04-25,D4,D4 Exceptional drought,0.100587432
2023-05-02,D4,D4 Exceptional drought,0.084202605
2023-05-09,D4,D4 Exceptional drought,0.084202605
2023-05-16,D4,D4 Exceptional drought,0.082713075
2023-05-23,D4,D4 Exceptional drought,0.011916238
2023-05-30,D4,D4 Exceptional drought,0
2023-06-06,D4,D4 Exceptional drought,0
2023-06-13,D4,D4 Exceptional drought,0
2023-06-20,D4,D4 Exceptional drought,0
2023-06-27,D4,D4 Exceptional drought,0
2023-07-04,D4,D4 Exceptional drought,0
2023-07-11,D4,D4 Exceptional drought,0
2023-07-18,D4,D4 Exceptional drought,0
2023-07-25,D4,D4 Exceptional drought,0
2023-08-01,D4,D4 Exceptional drought,0
2023-08-08,D4,D4 Exceptional drought,0
2023-08-15,D4,D4 Exceptional drought,0
2023-08-22,D4,D4 Exceptional drought,0
2023-08-29,D4,D4 Exceptional drought,0
2023-09-05,D4,D4 Exceptional drought,0
2023-09-12,D4,D4 Exceptional drought,0
2023-09-19,D4,D4 Exceptional drought,0
2023-09-26,D4,D4 Exceptional drought,1.191823427
2023-10-03,D4,D4 Exceptional drought,1.191823427
2023-10-10,D4,D4 Exceptional drought,1.191823427
2023-10-17,D4,D4 Exceptional drought,1.191823427
2023-10-24,D4,D4 Exceptional drought,1.29621672
2023-10-31,D4,D4 Exceptional drought,1.29621672
2023-11-07,D4,D4 Exceptional drought,1.29621672
2023-11-14,D4,D4 Exceptional drought,1.231840856
2023-11-21,D4,D4 Exceptional drought,1.231840856
2023-11-28,D4,D4 Exceptional drought,1.127447563
2023-12-05,D4,D4 Exceptional drought,1.127447563
2023-12-12,D4,D4 Exceptional drought,1.127447563
2023-12-19,D4,D4 Exceptional drought,1.127447563
2023-12-26,D4,D4 Exceptional drought,1.127447563
